{
  "intrinsics": [
    532.1774495442708,
    0.0,
    0.0,
    0.0,
    532.1774495442708,
    0.0,
    314.93729654947913,
    241.96600341796875,
    1.0
  ],
  "extrinsics": [
    0.3053486483614997,
    -0.8302809731460418,
    0.4662571336290527,
    0.0,
    -0.9505045507705318,
    -0.2953087792783873,
    0.09661182839424415,
    0.0,
    0.05747486353901628,
    -0.47267978133879324,
    -0.8793580279759964,
    0.0,
    0.6005492224626146,
    -0.7593836084450847,
    0.4330404713797579,
    1.0
  ]
}