{
  "intrinsics": [
    531.8761800130208,
    0.0,
    0.0,
    0.0,
    531.8761800130208,
    0.0,
    315.17508951822913,
    241.48878987630206,
    1.0
  ],
  "extrinsics": [
    -0.3768115831650939,
    -0.006170475821358168,
    -0.9262693793669101,
    0.0,
    0.9259663060077548,
    0.02391922808519649,
    -0.37684769807197877,
    0.0,
    0.024480978345409663,
    -0.9996947591265813,
    -0.003299389820371981,
    0.0,
    -0.054463698418143025,
    0.4544773438182409,
    0.31054212664033165,
    1.0
  ]
}