{
  "intrinsics": [
    531.7255452473958,
    0.0,
    0.0,
    0.0,
    531.7255452473958,
    0.0,
    315.1640421549479,
    241.49019368489581,
    1.0
  ],
  "extrinsics": [
    -0.36235681099382105,
    0.03506788117403972,
    -0.9313794509909751,
    0.0,
    0.9316326365431321,
    0.043148250134560875,
    -0.3608306971890699,
    0.0,
    0.027533829102326646,
    -0.9984529982811395,
    -0.04830544542008571,
    0.0,
    -0.05451720142465488,
    0.4048465628451471,
    0.327460877252564,
    1.0
  ]
}