{
  "intrinsics": [
    531.5749104817708,
    0.0,
    0.0,
    0.0,
    531.5749104817708,
    0.0,
    315.11598714192706,
    241.49348958333331,
    1.0
  ],
  "extrinsics": [
    -0.34109845509522707,
    0.10379135761319995,
    -0.9342799915566823,
    0.0,
    0.9399369690646818,
    0.05145991513075865,
    -0.3374469144268917,
    0.0,
    0.013053895751070799,
    -0.9932669560138006,
    -0.11511023208177823,
    0.0,
    -0.055814340850959265,
    0.3459655973389956,
    0.3377828508842071,
    1.0
  ]
}