{
  "intrinsics": [
    531.5749104817708,
    0.0,
    0.0,
    0.0,
    531.5749104817708,
    0.0,
    315.0641886393229,
    241.50606282552081,
    1.0
  ],
  "extrinsics": [
    -0.31056240882462205,
    0.19781122583573194,
    -0.9297427927814957,
    0.0,
    0.9505492096032502,
    0.06738735675094418,
    -0.3031751007803629,
    0.0,
    0.002681467306541115,
    -0.9779211121193611,
    -0.20895730316945166,
    0.0,
    -0.06529694881823822,
    0.27630852650554155,
    0.3382248553832983,
    1.0
  ]
}