{
  "intrinsics": [
    531.2736409505208,
    0.0,
    0.0,
    0.0,
    531.2736409505208,
    0.0,
    315.02197265625,
    241.52750651041666,
    1.0
  ],
  "extrinsics": [
    -0.2913710460330662,
    0.2883784784749026,
    -0.9121078268474896,
    0.0,
    0.9566090528042466,
    0.08645986457294588,
    -0.2782511170031605,
    0.0,
    -0.0013809127351284206,
    -0.9536050613015707,
    -0.3010573695493212,
    0.0,
    -0.0746640866757966,
    0.21129880856226638,
    0.32916536507275684,
    1.0
  ]
}