{
  "intrinsics": [
    531.1230061848958,
    0.0,
    0.0,
    0.0,
    531.1230061848958,
    0.0,
    314.99810791015625,
    241.55611165364581,
    1.0
  ],
  "extrinsics": [
    -0.2672298528339686,
    0.3723651416351037,
    -0.8887814254085313,
    0.0,
    0.9636260176979644,
    0.10673345476571375,
    -0.24501611213500396,
    0.0,
    0.0036272261762029805,
    -0.9219285453888161,
    -0.38734311337561234,
    0.0,
    -0.08834730925012169,
    0.15129781082475863,
    0.3163221864160606,
    1.0
  ]
}