{
  "intrinsics": [
    530.9723714192708,
    0.0,
    0.0,
    0.0,
    530.9723714192708,
    0.0,
    314.9936116536458,
    241.58917236328125,
    1.0
  ],
  "extrinsics": [
    -0.24109371781328082,
    0.44524362247000976,
    -0.8623409627280423,
    0.0,
    0.9703591370700584,
    0.1258306752142488,
    -0.2063246263110519,
    0.0,
    0.016644214746483994,
    -0.886523963414944,
    -0.4623832405528673,
    0.0,
    -0.10076179844083555,
    0.10230424247860814,
    0.29906713849540445,
    1.0
  ]
}