{
  "intrinsics": [
    530.9723714192708,
    0.0,
    0.0,
    0.0,
    530.9723714192708,
    0.0,
    314.9656778971354,
    241.61317952473956,
    1.0
  ],
  "extrinsics": [
    -0.22293170031884452,
    0.49652261505196277,
    -0.8389080195239657,
    0.0,
    0.974766560432309,
    0.12366634320092847,
    -0.18584060394093593,
    0.0,
    0.011470597674872858,
    -0.8591693290497492,
    -0.5115627991167908,
    0.0,
    -0.10792833182295469,
    0.07206543589804038,
    0.2859363390574816,
    1.0
  ]
}