{
  "intrinsics": [
    535.3407796223958,
    0.0,
    0.0,
    0.0,
    535.3407796223958,
    0.0,
    315.02895100911456,
    241.77223714192706,
    1.0
  ],
  "extrinsics": [
    0.17354129110564398,
    -0.7028903356583075,
    0.6898032427732007,
    0.0,
    -0.9820341048576047,
    -0.17621782906168185,
    0.06749987713704413,
    0.0,
    0.07411063714819435,
    -0.6891243487149981,
    -0.7208433654347928,
    0.0,
    0.4172281096953343,
    -0.5716554869818848,
    0.7291363614575083,
    1.0
  ]
}