{
  "intrinsics": [
    530.9723714192708,
    0.0,
    0.0,
    0.0,
    530.9723714192708,
    0.0,
    314.9459025065104,
    241.63417561848956,
    1.0
  ],
  "extrinsics": [
    -0.19489169051696265,
    0.5377311261551784,
    -0.8202818540464701,
    0.0,
    0.9807901478633283,
    0.11386870477281882,
    -0.15838099244566536,
    0.0,
    0.00823808770100105,
    -0.8353915433925593,
    -0.5495934866427217,
    0.0,
    -0.12236480856305398,
    0.05121394416965119,
    0.27090999162601115,
    1.0
  ]
}