{
  "intrinsics": [
    530.9723714192708,
    0.0,
    0.0,
    0.0,
    530.9723714192708,
    0.0,
    314.934326171875,
    241.64776611328125,
    1.0
  ],
  "extrinsics": [
    -0.16485875087160806,
    0.564333132238236,
    -0.8089188536368296,
    0.0,
    0.9863018730324512,
    0.0988912259315153,
    -0.1320193055897074,
    0.0,
    0.0054921020937918116,
    -0.8196027069861105,
    -0.5729058479495829,
    0.0,
    -0.13994341149188472,
    0.04299818056625915,
    0.2563895879853655,
    1.0
  ]
}