{
  "intrinsics": [
    530.8217366536458,
    0.0,
    0.0,
    0.0,
    530.8217366536458,
    0.0,
    314.95656331380206,
    241.65425618489581,
    1.0
  ],
  "extrinsics": [
    -0.13383816917463645,
    0.5758475296915989,
    -0.8065277001286127,
    0.0,
    0.9908757032638991,
    0.09081428022655783,
    -0.09958962860153839,
    0.0,
    0.015895804677103706,
    -0.8124976065090164,
    -0.5827477688751564,
    0.0,
    -0.16091991437098763,
    0.04274964104001999,
    0.2408314582635942,
    1.0
  ]
}