{
  "intrinsics": [
    530.8217366536458,
    0.0,
    0.0,
    0.0,
    530.8217366536458,
    0.0,
    314.97597249348956,
    241.6570841471354,
    1.0
  ],
  "extrinsics": [
    -0.11304518133604419,
    0.5842438953521671,
    -0.8036664837000996,
    0.0,
    0.9933736788537815,
    0.08332854717451357,
    -0.07915215251652728,
    0.0,
    0.020724221258256546,
    -0.8072888968224151,
    -0.589792421144534,
    0.0,
    -0.18057685285865466,
    0.04607405060865777,
    0.22441057213261129,
    1.0
  ]
}