{
  "intrinsics": [
    530.8217366536458,
    0.0,
    0.0,
    0.0,
    530.8217366536458,
    0.0,
    314.9796142578125,
    241.65545654296875,
    1.0
  ],
  "extrinsics": [
    -0.09787717628356114,
    0.591813868114935,
    -0.8001101613509001,
    0.0,
    0.9950452337769228,
    0.07230196108333185,
    -0.06824422423431493,
    0.0,
    0.01746163770563336,
    -0.8028254378283488,
    -0.5959583180548031,
    0.0,
    -0.1892643361208446,
    0.06232772875730652,
    0.23008349123108596,
    1.0
  ]
}