{
  "intrinsics": [
    530.8217366536458,
    0.0,
    0.0,
    0.0,
    530.8217366536458,
    0.0,
    314.994384765625,
    241.65712483723956,
    1.0
  ],
  "extrinsics": [
    -0.08118731684367768,
    0.6001911730013687,
    -0.7957254876900707,
    0.0,
    0.9966060086162347,
    0.05978469056952481,
    -0.05658924658734928,
    0.0,
    0.013607810333511862,
    -0.797619147813927,
    -0.6030078572153486,
    0.0,
    -0.21751932252656925,
    0.08083931869980465,
    0.20679424719725803,
    1.0
  ]
}