{
  "intrinsics": [
    530.9723714192708,
    0.0,
    0.0,
    0.0,
    530.9723714192708,
    0.0,
    315.0021769205729,
    241.65059407552081,
    1.0
  ],
  "extrinsics": [
    -0.07722769452609993,
    0.5860119023765827,
    -0.806613824297621,
    0.0,
    0.99688702418925,
    0.058273071292476185,
    -0.0531091607136048,
    0.0,
    0.015881280183080958,
    -0.8082043396186614,
    -0.5886879732846535,
    0.0,
    -0.2456836020927584,
    0.10511615869857754,
    0.18218872943262343,
    1.0
  ]
}