{
  "intrinsics": [
    530.9723714192708,
    0.0,
    0.0,
    0.0,
    530.9723714192708,
    0.0,
    315.0097249348958,
    241.63814290364581,
    1.0
  ],
  "extrinsics": [
    -0.09686774122743386,
    0.5615271890639163,
    -0.8217687047299364,
    0.0,
    0.9949480715982185,
    0.0765021784652766,
    -0.06500646006815096,
    0.0,
    0.02636420458828966,
    -0.8239142483307907,
    -0.5661009784972366,
    0.0,
    -0.2728295421965172,
    0.12891754225658497,
    0.16102663377532256,
    1.0
  ]
}