{
  "intrinsics": [
    530.9723714192708,
    0.0,
    0.0,
    0.0,
    530.9723714192708,
    0.0,
    315.0357462565104,
    241.6161905924479,
    1.0
  ],
  "extrinsics": [
    -0.11939057943105588,
    0.5185088273125078,
    -0.8466961619063721,
    0.0,
    0.9923175438957244,
    0.09017495339268884,
    -0.08470196179891686,
    0.0,
    0.03243205070098366,
    -0.8503041524854545,
    -0.5252914091513626,
    0.0,
    -0.29354268239908343,
    0.1603029736532064,
    0.14139981065285223,
    1.0
  ]
}