{
  "intrinsics": [
    530.9723714192708,
    0.0,
    0.0,
    0.0,
    530.9723714192708,
    0.0,
    315.05615234375,
    241.5984903971354,
    1.0
  ],
  "extrinsics": [
    -0.12438392289177652,
    0.4820667598120425,
    -0.8672600940296669,
    0.0,
    0.9916037423817672,
    0.09154530744509272,
    -0.09133188596223235,
    0.0,
    0.03536552734281002,
    -0.8713386332304681,
    -0.4894059901615806,
    0.0,
    -0.3117417251232135,
    0.19426525439674114,
    0.11469166988051915,
    1.0
  ]
}