{
  "intrinsics": [
    535.4914143880208,
    0.0,
    0.0,
    0.0,
    535.4914143880208,
    0.0,
    315.05948893229163,
    241.7646484375,
    1.0
  ],
  "extrinsics": [
    0.19071605332994138,
    -0.685688442102354,
    0.702466237975999,
    0.0,
    -0.9783693616308569,
    -0.19118491200497473,
    0.07900384562348135,
    0.0,
    0.08012892404621517,
    -0.7023387600909841,
    -0.7073186288951088,
    0.0,
    0.4007326775275195,
    -0.5413203089993212,
    0.7413739828396405,
    1.0
  ]
}