{
  "intrinsics": [
    531.2736409505208,
    0.0,
    0.0,
    0.0,
    531.2736409505208,
    0.0,
    315.0595296223958,
    241.5787353515625,
    1.0
  ],
  "extrinsics": [
    -0.11226293215707904,
    0.4435357198318691,
    -0.8891979408859559,
    0.0,
    0.9932973627907175,
    0.07487302644193093,
    -0.0880586980624253,
    0.0,
    0.027519754627626743,
    -0.8931237290608731,
    -0.44896836337192475,
    0.0,
    -0.32434069655516407,
    0.23976579658207797,
    0.08084428067699678,
    1.0
  ]
}