{
  "intrinsics": [
    531.2736409505208,
    0.0,
    0.0,
    0.0,
    531.2736409505208,
    0.0,
    315.06461588541663,
    241.55836995442706,
    1.0
  ],
  "extrinsics": [
    -0.0811870011346882,
    0.3988321553077645,
    -0.9134230068401525,
    0.0,
    0.9965078682279704,
    0.05042135441558034,
    -0.0665560405869617,
    0.0,
    0.01951134445713897,
    -0.9156366924357803,
    -0.4015330054415121,
    0.0,
    -0.32684473067830755,
    0.2866909743960656,
    0.030909006951051476,
    1.0
  ]
}