{
  "intrinsics": [
    531.2736409505208,
    0.0,
    0.0,
    0.0,
    531.2736409505208,
    0.0,
    315.0916544596354,
    241.5391642252604,
    1.0
  ],
  "extrinsics": [
    -0.03231358452685424,
    0.34403510687810135,
    -0.9384006706916669,
    0.0,
    0.9992007309392019,
    0.03322423452718583,
    -0.02222664350422075,
    0.0,
    0.023530897910813437,
    -0.9383688041571265,
    -0.34483372724386263,
    0.0,
    -0.3045093490474913,
    0.3279840656209088,
    -0.02858290323537427,
    1.0
  ]
}