{
  "intrinsics": [
    531.4242757161458,
    0.0,
    0.0,
    0.0,
    531.4242757161458,
    0.0,
    315.1068929036458,
    241.52107747395831,
    1.0
  ],
  "extrinsics": [
    0.015417095553970495,
    0.2802971968080847,
    -0.959789425142123,
    0.0,
    0.9997029448613965,
    0.013802472023434277,
    0.02008910907731997,
    0.0,
    0.01887838184144414,
    -0.9598140478310759,
    -0.2800011324755766,
    0.0,
    -0.261003604608272,
    0.37261993255592263,
    -0.0841529482774862,
    1.0
  ]
}