{
  "intrinsics": [
    531.5749104817708,
    0.0,
    0.0,
    0.0,
    531.5749104817708,
    0.0,
    315.1114501953125,
    241.5040079752604,
    1.0
  ],
  "extrinsics": [
    0.06684275373485608,
    0.2050326611679047,
    -0.9764699979339307,
    0.0,
    0.9977438245009757,
    -0.007582827091492823,
    0.06670687805164195,
    0.0,
    0.006272676530700333,
    -0.9787257854297445,
    -0.20507692296732166,
    0.0,
    -0.20302621102124796,
    0.4127780387180047,
    -0.13916023465365296,
    1.0
  ]
}