{
  "intrinsics": [
    531.7255452473958,
    0.0,
    0.0,
    0.0,
    531.7255452473958,
    0.0,
    315.111572265625,
    241.4923095703125,
    1.0
  ],
  "extrinsics": [
    0.09517630097406389,
    0.1288144159386721,
    -0.9870909444515454,
    0.0,
    0.9954216784288148,
    -0.021083159897764315,
    0.09322818489107453,
    0.0,
    -0.008801858459099582,
    -0.9914446837695324,
    -0.1302312711080042,
    0.0,
    -0.15120325002367663,
    0.439673634821895,
    -0.1805618326033318,
    1.0
  ]
}