{
  "intrinsics": [
    531.7255452473958,
    0.0,
    0.0,
    0.0,
    531.7255452473958,
    0.0,
    315.11431884765625,
    241.48785400390625,
    1.0
  ],
  "extrinsics": [
    0.1043152120204557,
    0.07973961389986199,
    -0.9913424737426232,
    0.0,
    0.9944026877626229,
    -0.02518099272847754,
    0.10261181183297109,
    0.0,
    -0.0167807628433794,
    -0.9964976134957141,
    -0.0819200523829091,
    0.0,
    -0.11487701526280336,
    0.4613115241799078,
    -0.2120729926030836,
    1.0
  ]
}