{
  "intrinsics": [
    531.8761800130208,
    0.0,
    0.0,
    0.0,
    531.8761800130208,
    0.0,
    315.14149983723956,
    241.4867960611979,
    1.0
  ],
  "extrinsics": [
    0.1339151132039487,
    0.02794830772233303,
    -0.9905986065671992,
    0.0,
    0.9909318874160891,
    -0.014857255293275699,
    0.13354098400723582,
    0.0,
    -0.01098533054050966,
    -0.9994989396506355,
    -0.02968448061393084,
    0.0,
    -0.0899841208211356,
    0.4725019371353936,
    -0.2565671592262811,
    1.0
  ]
}