{
  "intrinsics": [
    531.8761800130208,
    0.0,
    0.0,
    0.0,
    531.8761800130208,
    0.0,
    315.1534220377604,
    241.48732503255206,
    1.0
  ],
  "extrinsics": [
    0.13987287281357835,
    -0.019522577393595905,
    -0.9899769686675252,
    0.0,
    0.9900744253437583,
    -0.01109511474144165,
    0.1401054214840187,
    0.0,
    -0.013719125545429816,
    -0.9997477719196938,
    0.017776894895794176,
    0.0,
    -0.08220763106966045,
    0.4781949104857757,
    -0.29964808129061216,
    1.0
  ]
}