{
  "intrinsics": [
    532.0268147786458,
    0.0,
    0.0,
    0.0,
    532.0268147786458,
    0.0,
    315.17128499348956,
    241.49098714192706,
    1.0
  ],
  "extrinsics": [
    0.13733298374167047,
    -0.07887866912274569,
    -0.9873792139028639,
    0.0,
    0.9904005912505554,
    -0.004857836599843471,
    0.13814128983007867,
    0.0,
    -0.01569293040250515,
    -0.9968723498172751,
    0.0774543382697715,
    0.0,
    -0.08626901815064691,
    0.47330274731258504,
    -0.3524302430070221,
    1.0
  ]
}