{
  "intrinsics": [
    535.6420491536458,
    0.0,
    0.0,
    0.0,
    535.6420491536458,
    0.0,
    315.08500162760413,
    241.75640869140625,
    1.0
  ],
  "extrinsics": [
    0.19746027000391994,
    -0.6735235453941278,
    0.7123029288590218,
    0.0,
    -0.9763888633915644,
    -0.20005362375686,
    0.08150633317767235,
    0.0,
    0.0876023727038521,
    -0.7115789404027387,
    -0.6971235141190222,
    0.0,
    0.36692875169945083,
    -0.5177626940524016,
    0.7504215327293514,
    1.0
  ]
}