{
  "intrinsics": [
    532.3280843098958,
    0.0,
    0.0,
    0.0,
    532.3280843098958,
    0.0,
    315.19167073567706,
    241.49918619791666,
    1.0
  ],
  "extrinsics": [
    0.1109248518240332,
    -0.14767092406345317,
    -0.9827965003976844,
    0.0,
    0.9936470483999378,
    -0.002430674881082773,
    0.11251470782748373,
    0.0,
    -0.01900402247723307,
    -0.9890335486887729,
    0.14646315233469884,
    0.0,
    -0.10529826312487511,
    0.461137416238277,
    -0.4112277642783916,
    1.0
  ]
}