{
  "intrinsics": [
    532.3280843098958,
    0.0,
    0.0,
    0.0,
    532.3280843098958,
    0.0,
    315.2216796875,
    241.5125732421875,
    1.0
  ],
  "extrinsics": [
    0.06903520764345701,
    -0.21776272606165503,
    -0.9735571237866987,
    0.0,
    0.9974650165426103,
    -0.001808046547009455,
    0.07113501154253081,
    0.0,
    -0.017250783660827627,
    -0.9759999944811724,
    0.21708589019952734,
    0.0,
    -0.13728521316537057,
    0.44089921685642586,
    -0.4681308935781845,
    1.0
  ]
}