{
  "intrinsics": [
    532.3280843098958,
    0.0,
    0.0,
    0.0,
    532.3280843098958,
    0.0,
    315.25946044921875,
    241.52518717447916,
    1.0
  ],
  "extrinsics": [
    0.01337574241209617,
    -0.265336688844352,
    -0.9640629992532067,
    0.0,
    0.9998888305610861,
    -0.002794663175671781,
    0.014642020984261598,
    0.0,
    -0.00657929097295034,
    -0.964151727874663,
    0.2652698390985978,
    0.0,
    -0.17728596943452857,
    0.4218161831712925,
    -0.5064638817017353,
    1.0
  ]
}