{
  "intrinsics": [
    532.4787190755208,
    0.0,
    0.0,
    0.0,
    532.4787190755208,
    0.0,
    315.3040568033854,
    241.5411173502604,
    1.0
  ],
  "extrinsics": [
    -0.05443281372109985,
    -0.3165681320091634,
    -0.9470066057033298,
    0.0,
    0.998489982603639,
    -0.01022540798684176,
    -0.053973798638595784,
    0.0,
    0.007402872677570021,
    -0.9485146072259949,
    0.3166466986766078,
    0.0,
    -0.21789959926979208,
    0.4016047172657049,
    -0.5295676234314618,
    1.0
  ]
}