{
  "intrinsics": [
    532.4787190755208,
    0.0,
    0.0,
    0.0,
    532.4787190755208,
    0.0,
    315.3212687174479,
    241.54829915364581,
    1.0
  ],
  "extrinsics": [
    -0.11463370442774926,
    -0.33590929446309375,
    -0.9348925274460586,
    0.0,
    0.9933445820751027,
    -0.02814766721204891,
    -0.11168740059457279,
    0.0,
    0.011201805767194666,
    -0.9414736640515841,
    0.3369003609400674,
    0.0,
    -0.24188493283641455,
    0.40077744799853465,
    -0.5390335315129279,
    1.0
  ]
}