{
  "intrinsics": [
    532.4787190755208,
    0.0,
    0.0,
    0.0,
    532.4787190755208,
    0.0,
    315.338623046875,
    241.55202229817706,
    1.0
  ],
  "extrinsics": [
    -0.1662623782286337,
    -0.3441644762671132,
    -0.9240712341235672,
    0.0,
    0.9859114944874907,
    -0.04061591671138438,
    -0.16226176940078738,
    0.0,
    0.018312727421292002,
    -0.9380305230022025,
    0.3460686116339774,
    0.0,
    -0.253596035803461,
    0.3979795600212463,
    -0.5363088078177751,
    1.0
  ]
}