{
  "intrinsics": [
    532.4787190755208,
    0.0,
    0.0,
    0.0,
    532.4787190755208,
    0.0,
    315.3276163736979,
    241.54736328125,
    1.0
  ],
  "extrinsics": [
    -0.1826802517847053,
    -0.3352318006140944,
    -0.9242552379842497,
    0.0,
    0.9828134116811259,
    -0.03686123037885072,
    -0.18088459521569117,
    0.0,
    0.026569045365159433,
    -0.9414143722612892,
    0.33620412435778585,
    0.0,
    -0.2444113727467654,
    0.39712218790048387,
    -0.5339159745479896,
    1.0
  ]
}