{
  "intrinsics": [
    534.8888753255208,
    0.0,
    0.0,
    0.0,
    534.8888753255208,
    0.0,
    315.3224690755208,
    241.54266357421875,
    1.0
  ],
  "extrinsics": [
    -0.1560325037768563,
    -0.33261343604152316,
    -0.9300656664451429,
    0.0,
    0.9872804153802993,
    -0.023428077746150803,
    -0.157252732243478,
    0.0,
    0.030514733111850996,
    -0.9427721423980601,
    0.3320382464448591,
    0.0,
    -0.21332114255162837,
    0.3918113713761932,
    -0.5464710441353078,
    1.0
  ]
}