{
  "intrinsics": [
    541.8180745442708,
    0.0,
    0.0,
    0.0,
    541.8180745442708,
    0.0,
    315.3234659830729,
    241.5391845703125,
    1.0
  ],
  "extrinsics": [
    -0.07006076964176011,
    -0.3206247762965409,
    -0.944611658334754,
    0.0,
    0.9969588597730321,
    0.009889334767302202,
    -0.07729995382848558,
    0.0,
    0.034125877658224876,
    -0.9471546802818589,
    0.3189568529657055,
    0.0,
    -0.1528766055681423,
    0.38907230454007236,
    -0.5682517163613642,
    1.0
  ]
}