{
  "intrinsics": [
    535.7926839192708,
    0.0,
    0.0,
    0.0,
    535.7926839192708,
    0.0,
    315.3004150390625,
    241.53084309895831,
    1.0
  ],
  "extrinsics": [
    0.051007426324089625,
    -0.2927772597353208,
    -0.9548191033543991,
    0.0,
    0.9983150186915859,
    0.04142946839170253,
    0.040627518952161976,
    0.0,
    0.027662844904504685,
    -0.9552826202410617,
    0.2943971603905368,
    0.0,
    -0.06736484982395963,
    0.39741442128993737,
    -0.5900915117558541,
    1.0
  ]
}