{
  "intrinsics": [
    535.4914143880208,
    0.0,
    0.0,
    0.0,
    535.4914143880208,
    0.0,
    315.0959269205729,
    241.75179036458331,
    1.0
  ],
  "extrinsics": [
    0.1850968130827478,
    -0.6658282056551464,
    0.7227807412259002,
    0.0,
    -0.9776533100117913,
    -0.19935471461273604,
    0.06672079471985191,
    0.0,
    0.09966514047358567,
    -0.7189788421713608,
    -0.6878490903717772,
    0.0,
    0.3090588936800671,
    -0.5051600605832844,
    0.7555753065832195,
    1.0
  ]
}