{
  "intrinsics": [
    535.1901448567708,
    0.0,
    0.0,
    0.0,
    535.1901448567708,
    0.0,
    315.285888671875,
    241.52437337239581,
    1.0
  ],
  "extrinsics": [
    0.17397914904986747,
    -0.26410934412571757,
    -0.9486714838642317,
    0.0,
    0.9844225119865269,
    0.0714659782802957,
    0.16063948396840028,
    0.0,
    0.025371345533515444,
    -0.961841390719618,
    0.27242873771166676,
    0.0,
    0.017763933132194598,
    0.4068279225719404,
    -0.5981462100969681,
    1.0
  ]
}