{
  "intrinsics": [
    535.1901448567708,
    0.0,
    0.0,
    0.0,
    535.1901448567708,
    0.0,
    315.28824869791663,
    241.51871744791666,
    1.0
  ],
  "extrinsics": [
    0.2859365469184031,
    -0.22677850166523483,
    -0.9310273025812519,
    0.0,
    0.9576332369744839,
    0.10243952788489155,
    0.26915560521150994,
    0.0,
    0.03433527912678055,
    -0.9685440528681377,
    0.24646182857493384,
    0.0,
    0.09244611509664846,
    0.42055120808643975,
    -0.5891489740817631,
    1.0
  ]
}