{
  "intrinsics": [
    535.1901448567708,
    0.0,
    0.0,
    0.0,
    535.1901448567708,
    0.0,
    315.3177490234375,
    241.51883951822916,
    1.0
  ],
  "extrinsics": [
    0.3843534751406584,
    -0.19782321414093781,
    -0.9017418393925062,
    0.0,
    0.9215617270272177,
    0.14013185632756023,
    0.3620594363593014,
    0.0,
    0.05473900163673807,
    -0.9701695823866824,
    0.23616646676515082,
    0.0,
    0.1456464442300538,
    0.4269088537747114,
    -0.5752428647406911,
    1.0
  ]
}