{
  "intrinsics": [
    535.0395100911458,
    0.0,
    0.0,
    0.0,
    535.0395100911458,
    0.0,
    315.32843017578125,
    241.51908365885416,
    1.0
  ],
  "extrinsics": [
    0.4604020316248457,
    -0.17938941389420993,
    -0.8693958354964602,
    0.0,
    0.8855179109692052,
    0.16159863216767592,
    0.43559582202950065,
    0.0,
    0.0623519036141447,
    -0.9704149238940792,
    0.2332529084907111,
    0.0,
    0.18367240630250015,
    0.42551201416620116,
    -0.5586241263801014,
    1.0
  ]
}