{
  "intrinsics": [
    535.1901448567708,
    0.0,
    0.0,
    0.0,
    535.1901448567708,
    0.0,
    315.33854166666663,
    241.51765950520831,
    1.0
  ],
  "extrinsics": [
    0.5053999971920639,
    -0.15537066426782487,
    -0.848781959717426,
    0.0,
    0.8599193766005977,
    0.1721745890806257,
    0.4805149061591399,
    0.0,
    0.07148076635449262,
    -0.9727362605165975,
    0.22062326816142314,
    0.0,
    0.20408788862783878,
    0.42739008492186664,
    -0.551345385198848,
    1.0
  ]
}