{
  "intrinsics": [
    535.1901448567708,
    0.0,
    0.0,
    0.0,
    535.1901448567708,
    0.0,
    315.36041259765625,
    241.51881917317706,
    1.0
  ],
  "extrinsics": [
    0.5362994996868113,
    -0.13581487030263004,
    -0.8330288953312219,
    0.0,
    0.839759097794965,
    0.18499755057496947,
    0.510470852118093,
    0.0,
    0.08477877746952835,
    -0.9733088888120727,
    0.21326587445589146,
    0.0,
    0.2153458683077032,
    0.4251312184000739,
    -0.5561687030951071,
    1.0
  ]
}