{
  "intrinsics": [
    535.0395100911458,
    0.0,
    0.0,
    0.0,
    535.0395100911458,
    0.0,
    315.37186686197913,
    241.51796468098956,
    1.0
  ],
  "extrinsics": [
    0.569484521873219,
    -0.11318009442797902,
    -0.8141729587856942,
    0.0,
    0.8166587877123639,
    0.19065264400139845,
    0.54472009180785,
    0.0,
    0.09357275056106812,
    -0.9751111363390194,
    0.20100322862522457,
    0.0,
    0.2302822858716982,
    0.42587199506578366,
    -0.5699593694990976,
    1.0
  ]
}