{
  "intrinsics": [
    535.1901448567708,
    0.0,
    0.0,
    0.0,
    535.1901448567708,
    0.0,
    315.37310791015625,
    241.517333984375,
    1.0
  ],
  "extrinsics": [
    0.6110143084862562,
    -0.09835366619282032,
    -0.785485874126847,
    0.0,
    0.785812710557111,
    0.19532137777210226,
    0.5868116601054223,
    0.0,
    0.09570709128255396,
    -0.9757951545749044,
    0.19663171164110124,
    0.0,
    0.2504518963489901,
    0.42291714128573404,
    -0.587716409881738,
    1.0
  ]
}