{
  "intrinsics": [
    535.0395100911458,
    0.0,
    0.0,
    0.0,
    535.0395100911458,
    0.0,
    315.39455159505206,
    241.5213623046875,
    1.0
  ],
  "extrinsics": [
    0.6424280440204482,
    -0.09254196849474305,
    -0.760737800170102,
    0.0,
    0.7588982653415992,
    0.21488307324776235,
    0.6147345170794687,
    0.0,
    0.10658094069894333,
    -0.9722453502835575,
    0.2082768621737531,
    0.0,
    0.25788652475640106,
    0.41383012871260016,
    -0.6101777833685598,
    1.0
  ]
}