{
  "intrinsics": [
    535.1901448567708,
    0.0,
    0.0,
    0.0,
    535.1901448567708,
    0.0,
    315.40690104166663,
    241.52360026041666,
    1.0
  ],
  "extrinsics": [
    0.6741083170747767,
    -0.0831079104428498,
    -0.7339421254883903,
    0.0,
    0.7299294835013967,
    0.22703929966738226,
    0.6447139654445596,
    0.0,
    0.1130528936425171,
    -0.9703329969644006,
    0.21371199890934364,
    0.0,
    0.2652968195172698,
    0.40574202175985674,
    -0.6355793388538471,
    1.0
  ]
}