{
  "intrinsics": [
    535.4914143880208,
    0.0,
    0.0,
    0.0,
    535.4914143880208,
    0.0,
    315.07425944010413,
    241.742431640625,
    1.0
  ],
  "extrinsics": [
    0.14809488911562457,
    -0.6675026096655935,
    0.7297315054337769,
    0.0,
    -0.983544829639643,
    -0.17661040705133116,
    0.0380551860809636,
    0.0,
    0.10347624453969911,
    -0.723359478537165,
    -0.6826738444511715,
    0.0,
    0.23517800493800411,
    -0.5016079605809551,
    0.7579738456936171,
    1.0
  ]
}