{
  "intrinsics": [
    535.1901448567708,
    0.0,
    0.0,
    0.0,
    535.1901448567708,
    0.0,
    315.39896647135413,
    241.52325439453125,
    1.0
  ],
  "extrinsics": [
    0.7276226110390599,
    -0.0711679249065085,
    -0.6822758874751144,
    0.0,
    0.6773605226016174,
    0.23169318189702412,
    0.6982126302755894,
    0.0,
    0.1083883369071074,
    -0.9701821033024387,
    0.21679154527310038,
    0.0,
    0.29341105774737875,
    0.4039711942203117,
    -0.6491786147912137,
    1.0
  ]
}