{
  "intrinsics": [
    535.1901448567708,
    0.0,
    0.0,
    0.0,
    535.1901448567708,
    0.0,
    315.39066569010413,
    241.522216796875,
    1.0
  ],
  "extrinsics": [
    0.7842613784872282,
    -0.052519496071971206,
    -0.6182036278710212,
    0.0,
    0.6114142745777355,
    0.23467610515438816,
    0.7557113330168692,
    0.0,
    0.10538805440654558,
    -0.9706537944386369,
    0.2161585781503593,
    0.0,
    0.33699159432234893,
    0.4101017815204691,
    -0.6454138125621836,
    1.0
  ]
}