{
  "intrinsics": [
    535.1901448567708,
    0.0,
    0.0,
    0.0,
    535.1901448567708,
    0.0,
    315.3826904296875,
    241.52152506510416,
    1.0
  ],
  "extrinsics": [
    0.834067108320001,
    -0.03596307969148034,
    -0.5504893843382408,
    0.0,
    0.5422291084781601,
    0.237194724058691,
    0.8060558930657983,
    0.0,
    0.10158493045325032,
    -0.9707961608726392,
    0.2173365872251599,
    0.0,
    0.3931558829392421,
    0.422157960838594,
    -0.6300266370954368,
    1.0
  ]
}