{
  "intrinsics": [
    535.0395100911458,
    0.0,
    0.0,
    0.0,
    535.0395100911458,
    0.0,
    315.36342366536456,
    241.5212198893229,
    1.0
  ],
  "extrinsics": [
    0.8846219865791826,
    -0.027779536789169487,
    -0.4654806675123462,
    0.0,
    0.4577172758531071,
    0.24246485299716908,
    0.8553980066451305,
    0.0,
    0.08910013580021303,
    -0.9697623975867988,
    0.227204911955548,
    0.0,
    0.4696096469998432,
    0.4315808013779534,
    -0.593034774781835,
    1.0
  ]
}