{
  "intrinsics": [
    535.1901448567708,
    0.0,
    0.0,
    0.0,
    535.1901448567708,
    0.0,
    315.3441975911458,
    241.5189208984375,
    1.0
  ],
  "extrinsics": [
    0.9310774446161593,
    -0.008873707222993538,
    -0.36471360880564263,
    0.0,
    0.3561230237334582,
    0.23910970728758038,
    0.9033287910017134,
    0.0,
    0.07919069931594351,
    -0.9709519813766265,
    0.22578979335521893,
    0.0,
    0.5542851983482278,
    0.45673191031601656,
    -0.5280377513313654,
    1.0
  ]
}