{
  "intrinsics": [
    535.1901448567708,
    0.0,
    0.0,
    0.0,
    535.1901448567708,
    0.0,
    315.33734130859375,
    241.52679443359375,
    1.0
  ],
  "extrinsics": [
    0.9517670007884261,
    -0.01976670889329016,
    -0.3061843389073113,
    0.0,
    0.2993863519663097,
    0.27819177878039214,
    0.9126757901678582,
    0.0,
    0.06713737568296144,
    -0.9603220698620424,
    0.27069163468252266,
    0.0,
    0.6101431323220765,
    0.4572451586985957,
    -0.4922736701907149,
    1.0
  ]
}