{
  "intrinsics": [
    535.3407796223958,
    0.0,
    0.0,
    0.0,
    535.3407796223958,
    0.0,
    315.3348388671875,
    241.53495279947916,
    1.0
  ],
  "extrinsics": [
    0.9737753508086067,
    -0.012295514040746846,
    -0.22717908943562437,
    0.0,
    0.21968681824656605,
    0.31044110509021844,
    0.9248588106069469,
    0.0,
    0.05915409440306997,
    -0.9505130386061299,
    0.3050010975299263,
    0.0,
    0.6552052737639245,
    0.4747299431410963,
    -0.440736947526132,
    1.0
  ]
}