{
  "intrinsics": [
    535.1901448567708,
    0.0,
    0.0,
    0.0,
    535.1901448567708,
    0.0,
    315.33905029296875,
    241.54083251953125,
    1.0
  ],
  "extrinsics": [
    0.9864555866509,
    0.0033876301111990617,
    -0.1639940959120089,
    0.0,
    0.15363302956397407,
    0.33118957461426046,
    0.9309728896223481,
    0.0,
    0.057466919569112825,
    -0.9435582325668691,
    0.326183294433179,
    0.0,
    0.6806570946908087,
    0.4944606982659552,
    -0.3981707977296445,
    1.0
  ]
}