{
  "intrinsics": [
    535.3407796223958,
    0.0,
    0.0,
    0.0,
    535.3407796223958,
    0.0,
    315.3410237630208,
    241.5484619140625,
    1.0
  ],
  "extrinsics": [
    0.991874201470435,
    0.009083187125179136,
    -0.12689767464925616,
    0.0,
    0.11538525704461375,
    0.35591985092852835,
    0.9273657333801664,
    0.0,
    0.05358883178214816,
    -0.9344723667080927,
    0.3519796265175387,
    0.0,
    0.6951953539258513,
    0.5040911378664361,
    -0.3758337557284941,
    1.0
  ]
}