{
  "intrinsics": [
    535.3407796223958,
    0.0,
    0.0,
    0.0,
    535.3407796223958,
    0.0,
    315.33642578125,
    241.5517578125,
    1.0
  ],
  "extrinsics": [
    0.9961545931398397,
    0.01526099518619587,
    -0.08627331875032108,
    0.0,
    0.07480008816203317,
    0.3645685012237383,
    0.9281672965091947,
    0.0,
    0.045617326088678765,
    -0.9310514463360356,
    0.3620250586855562,
    0.0,
    0.7028809696165402,
    0.5151975533000035,
    -0.34881200588764605,
    1.0
  ]
}