{
  "intrinsics": [
    535.6420491536458,
    0.0,
    0.0,
    0.0,
    535.6420491536458,
    0.0,
    315.08514404296875,
    241.73610432942706,
    1.0
  ],
  "extrinsics": [
    0.06985095490115446,
    -0.6704966379115129,
    0.7386168976168271,
    0.0,
    -0.9917334870437405,
    -0.12656706543376695,
    -0.021106112275962218,
    0.0,
    0.10763616887421698,
    -0.7310368769877975,
    -0.6737948680499986,
    0.0,
    0.13794483327771534,
    -0.4972055392178978,
    0.7610946136952165,
    1.0
  ]
}