{
  "intrinsics": [
    535.3407796223958,
    0.0,
    0.0,
    0.0,
    535.3407796223958,
    0.0,
    315.31193033854163,
    241.55574544270831,
    1.0
  ],
  "extrinsics": [
    0.9989739111570216,
    0.012809427807658707,
    -0.04344030867034237,
    0.0,
    0.035296097818589035,
    0.38081354645874843,
    0.9239778733253285,
    0.0,
    0.028378315395398854,
    -0.9245631880001463,
    0.3799706721998699,
    0.0,
    0.7113880507482274,
    0.5217163564172694,
    -0.325786439332564,
    1.0
  ]
}