{
  "intrinsics": [
    535.1901448567708,
    0.0,
    0.0,
    0.0,
    535.1901448567708,
    0.0,
    315.3068440755208,
    241.5617472330729,
    1.0
  ],
  "extrinsics": [
    0.9990125797296917,
    0.007619480553283192,
    -0.043769589783407344,
    0.0,
    0.037056457726350994,
    0.4005642351774939,
    0.9155190281535852,
    0.0,
    0.024508337062403334,
    -0.9162370172983487,
    0.3998863206777587,
    0.0,
    0.7121749602175816,
    0.5213173703773019,
    -0.32437947001688716,
    1.0
  ]
}