{
  "intrinsics": [
    535.3407796223958,
    0.0,
    0.0,
    0.0,
    535.3407796223958,
    0.0,
    315.28824869791663,
    241.55558268229166,
    1.0
  ],
  "extrinsics": [
    0.9983406664203568,
    0.002124276595108971,
    -0.05754427445087439,
    0.0,
    0.05253336655829628,
    0.37564626454686895,
    0.9252730369245518,
    0.0,
    0.023581842452415975,
    -0.9267607146725254,
    0.37491134213430444,
    0.0,
    0.7194647070128684,
    0.5149684062908608,
    -0.3117401023900457,
    1.0
  ]
}