{
  "intrinsics": [
    535.1901448567708,
    0.0,
    0.0,
    0.0,
    535.1901448567708,
    0.0,
    315.2746378580729,
    241.54213460286456,
    1.0
  ],
  "extrinsics": [
    0.9938338965687448,
    -0.014402633637685996,
    -0.10993959685917551,
    0.0,
    0.10839706642700533,
    0.3348205018900142,
    0.9360262637470436,
    0.0,
    0.023328786847286665,
    -0.9421717600444247,
    0.33431715441140153,
    0.0,
    0.7281912797991252,
    0.4991131271412345,
    -0.3206576733010609,
    1.0
  ]
}