{
  "intrinsics": [
    535.1901448567708,
    0.0,
    0.0,
    0.0,
    535.1901448567708,
    0.0,
    315.2730509440104,
    241.52650960286456,
    1.0
  ],
  "extrinsics": [
    0.9829139899908379,
    -0.018849185377364113,
    -0.1830983117172675,
    0.0,
    0.18109101922711487,
    0.27714887564573076,
    0.9436072664991073,
    0.0,
    0.03295927351453729,
    -0.9606421272388006,
    0.2758268990063669,
    0.0,
    0.7341885188362325,
    0.4879917532584438,
    -0.3452353091107545,
    1.0
  ]
}