{
  "intrinsics": [
    535.0395100911458,
    0.0,
    0.0,
    0.0,
    535.0395100911458,
    0.0,
    315.2614339192708,
    241.50848388671875,
    1.0
  ],
  "extrinsics": [
    0.9731483840391281,
    -0.0023327470529371425,
    -0.23016709958333953,
    0.0,
    0.22617082286605897,
    0.1954831847855521,
    0.9542710543187307,
    0.0,
    0.04276771604698412,
    -0.9807043762528,
    0.19076173649182407,
    0.0,
    0.743905667895856,
    0.4841309855819059,
    -0.3514027979625238,
    1.0
  ]
}