{
  "intrinsics": [
    535.0395100911458,
    0.0,
    0.0,
    0.0,
    535.0395100911458,
    0.0,
    315.2255452473958,
    241.49554443359375,
    1.0
  ],
  "extrinsics": [
    0.9653442553194557,
    0.009803340880057937,
    -0.2607958580340772,
    0.0,
    0.25813706006651427,
    0.1112320012883453,
    0.9596836571296433,
    0.0,
    0.038416956689568016,
    -0.9937461241810563,
    0.10484655559958031,
    0.0,
    0.7564358683434358,
    0.46837531596407855,
    -0.3579569279107768,
    1.0
  ]
}