{
  "intrinsics": [
    534.7382405598958,
    0.0,
    0.0,
    0.0,
    534.7382405598958,
    0.0,
    315.1458333333333,
    241.48671468098956,
    1.0
  ],
  "extrinsics": [
    0.9565248835150407,
    0.012556135879145886,
    -0.29138033604922053,
    0.0,
    0.2913634556817248,
    0.0031935932695030702,
    0.9566071068777475,
    0.0,
    0.012941838637851968,
    -0.9999161203272964,
    -0.0006036476937681262,
    0.0,
    0.7644223505751248,
    0.4352251323306694,
    -0.3755915259357576,
    1.0
  ]
}