{
  "intrinsics": [
    534.5876057942708,
    0.0,
    0.0,
    0.0,
    534.5876057942708,
    0.0,
    315.06852213541663,
    241.4896036783854,
    1.0
  ],
  "extrinsics": [
    0.94469285708818,
    0.032691194518254606,
    -0.3263230634624317,
    0.0,
    0.3278899537714551,
    -0.11420323527284644,
    0.9377876613417042,
    0.0,
    -0.006609749657851926,
    -0.9929193845682235,
    -0.11860609470038778,
    0.0,
    0.756673007783669,
    0.4165413437737648,
    -0.41094626589436567,
    1.0
  ]
}