{
  "intrinsics": [
    534.4369710286458,
    0.0,
    0.0,
    0.0,
    534.4369710286458,
    0.0,
    315.0605061848958,
    241.50832112630206,
    1.0
  ],
  "extrinsics": [
    0.9456885498879797,
    0.09033580861704828,
    -0.3122701834483784,
    0.0,
    0.32474474467093356,
    -0.21929557348559445,
    0.920027336412409,
    0.0,
    0.014631939804295278,
    -0.971467409320635,
    -0.23672137746558794,
    0.0,
    0.7501735411699207,
    0.43690453038662747,
    -0.4169876754279316,
    1.0
  ]
}