{
  "intrinsics": [
    535.4914143880208,
    0.0,
    0.0,
    0.0,
    535.4914143880208,
    0.0,
    315.08925374348956,
    241.72865804036456,
    1.0
  ],
  "extrinsics": [
    -0.05135114726487854,
    -0.6720811991997738,
    0.738694695961087,
    0.0,
    -0.9927943074634135,
    -0.04583614161786289,
    -0.11071792227594457,
    0.0,
    0.10827031163672345,
    -0.7390574370409307,
    -0.6648846936463086,
    0.0,
    0.018390970514779337,
    -0.4923881205326345,
    0.7559837140363547,
    1.0
  ]
}