{
  "intrinsics": [
    534.2863362630208,
    0.0,
    0.0,
    0.0,
    534.2863362630208,
    0.0,
    315.0601603190104,
    241.53959147135416,
    1.0
  ],
  "extrinsics": [
    0.9549814648660169,
    0.13763960050922494,
    -0.2628038597508333,
    0.0,
    0.2940962846780587,
    -0.32289268519194647,
    0.8995820128772959,
    0.0,
    0.03896066527208532,
    -0.9363737524026231,
    -0.3488358195655148,
    0.0,
    0.7639076618492724,
    0.4654952826923332,
    -0.3937299341260645,
    1.0
  ]
}