{
  "intrinsics": [
    534.1357014973958,
    0.0,
    0.0,
    0.0,
    534.1357014973958,
    0.0,
    315.0198974609375,
    241.5823974609375,
    1.0
  ],
  "extrinsics": [
    0.9557591291290065,
    0.1683526761270883,
    -0.24120931800581977,
    0.0,
    0.2914325567593827,
    -0.43074129030069025,
    0.8541246586309772,
    0.0,
    0.039895359009499705,
    -0.8866336822303131,
    -0.46074837161949656,
    0.0,
    0.7796415700267618,
    0.4957675187737831,
    -0.37557461280567184,
    1.0
  ]
}