{
  "intrinsics": [
    533.9850667317708,
    0.0,
    0.0,
    0.0,
    533.9850667317708,
    0.0,
    315.02675374348956,
    241.6159464518229,
    1.0
  ],
  "extrinsics": [
    0.9622032791193993,
    0.1889488133395397,
    -0.1961202201606291,
    0.0,
    0.2657818353747888,
    -0.49453877152286935,
    0.8275212185250921,
    0.0,
    0.059370098902659874,
    -0.8483688002706057,
    -0.526065958596115,
    0.0,
    0.8222129420598018,
    0.5116691604204036,
    -0.33802536282414675,
    1.0
  ]
}