{
  "intrinsics": [
    533.9850667317708,
    0.0,
    0.0,
    0.0,
    533.9850667317708,
    0.0,
    315.0605061848958,
    241.63773600260416,
    1.0
  ],
  "extrinsics": [
    0.9692348535593829,
    0.1980851701678,
    -0.1461015536233098,
    0.0,
    0.2309268090594036,
    -0.5263895181972446,
    0.8182826913037633,
    0.0,
    0.08518333849580198,
    -0.8268470734975425,
    -0.5559383383702533,
    0.0,
    0.8906948750216135,
    0.50960858995057,
    -0.28708897240437636,
    1.0
  ]
}