{
  "intrinsics": [
    533.9850667317708,
    0.0,
    0.0,
    0.0,
    533.9850667317708,
    0.0,
    315.04864501953125,
    241.63844807942706,
    1.0
  ],
  "extrinsics": [
    0.9741738533923547,
    0.1835945320401789,
    -0.13144720662209813,
    0.0,
    0.21093998173446935,
    -0.5322717210598039,
    0.8198726118784858,
    0.0,
    0.08055845417942857,
    -0.8264259417694482,
    -0.5572525746722304,
    0.0,
    0.9811994700785001,
    0.48576592763874027,
    -0.24890115236682098,
    1.0
  ]
}