{
  "intrinsics": [
    538.3534749348958,
    0.0,
    0.0,
    0.0,
    538.3534749348958,
    0.0,
    315.05301920572913,
    241.64351399739581,
    1.0
  ],
  "extrinsics": [
    0.9711069698592749,
    0.19453785445868643,
    -0.13822523054690655,
    0.0,
    0.22213669455253196,
    -0.525187396691936,
    0.8214824369632061,
    0.0,
    0.08721528977285303,
    -0.8284522157967062,
    -0.5532271491599224,
    0.0,
    1.0658631214328527,
    0.48589166288525387,
    -0.2256691897704548,
    1.0
  ]
}