{
  "intrinsics": [
    533.9850667317708,
    0.0,
    0.0,
    0.0,
    533.9850667317708,
    0.0,
    315.07399495442706,
    241.63968912760416,
    1.0
  ],
  "extrinsics": [
    0.9601425315640946,
    0.22075239603832192,
    -0.1714489046942927,
    0.0,
    0.26349947717031086,
    -0.5102395738607413,
    0.8186717728600826,
    0.0,
    0.09324373513427144,
    -0.8312182851786155,
    -0.5480707688503789,
    0.0,
    1.1334593926671785,
    0.5037997647494927,
    -0.23963155260299462,
    1.0
  ]
}