{
  "intrinsics": [
    535.6420491536458,
    0.0,
    0.0,
    0.0,
    535.6420491536458,
    0.0,
    315.10184733072913,
    241.6441650390625,
    1.0
  ],
  "extrinsics": [
    0.9362261290478601,
    0.27144357954136256,
    -0.22315697734100734,
    0.0,
    0.33416631875847,
    -0.4913129117408272,
    0.8043286667930134,
    0.0,
    0.10868993552360035,
    -0.8276050081876523,
    -0.5506872458756201,
    0.0,
    1.1691058902209779,
    0.5608357627482978,
    -0.2835990165036648,
    1.0
  ]
}