{
  "intrinsics": [
    533.9850667317708,
    0.0,
    0.0,
    0.0,
    533.9850667317708,
    0.0,
    315.1019287109375,
    241.63490804036456,
    1.0
  ],
  "extrinsics": [
    0.9133770073402153,
    0.2940746421434147,
    -0.2815360219241626,
    0.0,
    0.3935262239997624,
    -0.46056938019942734,
    0.7956210472536402,
    0.0,
    0.10430510796751657,
    -0.837493839308904,
    -0.5363995680697772,
    0.0,
    1.203739481577852,
    0.5962303323111324,
    -0.3540522902515284,
    1.0
  ]
}