{
  "intrinsics": [
    533.9850667317708,
    0.0,
    0.0,
    0.0,
    533.9850667317708,
    0.0,
    315.109130859375,
    241.62740071614581,
    1.0
  ],
  "extrinsics": [
    0.898848736933505,
    0.3061529771413012,
    -0.31359425082668346,
    0.0,
    0.42638737521956643,
    -0.4454787656184354,
    0.7872372637506045,
    0.0,
    0.1013154619267046,
    -0.8413197942717363,
    -0.5309578280502665,
    0.0,
    1.248295249805719,
    0.626974972309023,
    -0.4118633462152843,
    1.0
  ]
}