{
  "intrinsics": [
    535.4914143880208,
    0.0,
    0.0,
    0.0,
    535.4914143880208,
    0.0,
    315.08266194661456,
    241.7286376953125,
    1.0
  ],
  "extrinsics": [
    -0.18911315767069292,
    -0.672303088997463,
    0.7157127017733198,
    0.0,
    -0.9763633865574798,
    0.0510669273645061,
    -0.21001545562767385,
    0.0,
    0.10464476807326903,
    -0.7385125187720804,
    -0.6660695397928279,
    0.0,
    -0.0965281309919841,
    -0.4941206212593595,
    0.7300669215988195,
    1.0
  ]
}