{
  "intrinsics": [
    533.9850667317708,
    0.0,
    0.0,
    0.0,
    533.9850667317708,
    0.0,
    315.09828694661456,
    241.61671956380206,
    1.0
  ],
  "extrinsics": [
    0.8954167916988753,
    0.301272028509396,
    -0.3278170197576824,
    0.0,
    0.43597358584485674,
    -0.4439559421034386,
    0.7828346975385119,
    0.0,
    0.09030989042243587,
    -0.8438829285127751,
    -0.5288722713328476,
    0.0,
    1.3105433316260242,
    0.643886864053627,
    -0.4662229756212599,
    1.0
  ]
}