{
  "intrinsics": [
    533.9850667317708,
    0.0,
    0.0,
    0.0,
    533.9850667317708,
    0.0,
    315.0824788411458,
    241.615234375,
    1.0
  ],
  "extrinsics": [
    0.8894792480387992,
    0.3001241964605162,
    -0.3446042533307034,
    0.0,
    0.4496746485436962,
    -0.440584338489579,
    0.7769672409385596,
    0.0,
    0.08135942989690845,
    -0.8460560641815784,
    -0.526848853309127,
    0.0,
    1.3695929000744322,
    0.678984389178197,
    -0.5312300228385991,
    1.0
  ]
}