{
  "intrinsics": [
    533.9850667317708,
    0.0,
    0.0,
    0.0,
    533.9850667317708,
    0.0,
    315.10565185546875,
    241.6100870768229,
    1.0
  ],
  "extrinsics": [
    0.8932714196267973,
    0.28951241315405585,
    -0.3438731911246555,
    0.0,
    0.44132176979173277,
    -0.41940911070134446,
    0.7933039219748486,
    0.0,
    0.08544777896457117,
    -0.8603944000129795,
    -0.5024143314065785,
    0.0,
    1.435137633702347,
    0.6985184775444196,
    -0.5650063476783869,
    1.0
  ]
}