{
  "intrinsics": [
    538.5041097005208,
    0.0,
    0.0,
    0.0,
    538.5041097005208,
    0.0,
    315.11881510416663,
    241.5994669596354,
    1.0
  ],
  "extrinsics": [
    0.9143311997193955,
    0.26215254215571543,
    -0.308665748684345,
    0.0,
    0.3951887417795825,
    -0.41110887019413306,
    0.821471441763691,
    0.0,
    0.08845559140762127,
    -0.8730781563198775,
    -0.4794893713168763,
    0.0,
    1.5301088507273615,
    0.6775849885372247,
    -0.5283889361352818,
    1.0
  ]
}