{
  "intrinsics": [
    537.1483968098958,
    0.0,
    0.0,
    0.0,
    537.1483968098958,
    0.0,
    315.099365234375,
    241.5946044921875,
    1.0
  ],
  "extrinsics": [
    0.9406308809345237,
    0.22232867671902815,
    -0.25648287085089416,
    0.0,
    0.3303325640076712,
    -0.4258199109329463,
    0.8423524554050481,
    0.0,
    0.0780635918558036,
    -0.8770673977427382,
    -0.47398181400063283,
    0.0,
    1.6353586797103652,
    0.6195467892799356,
    -0.4455780412762129,
    1.0
  ]
}