{
  "intrinsics": [
    536.6964925130208,
    0.0,
    0.0,
    0.0,
    536.6964925130208,
    0.0,
    315.0814208984375,
    241.60493977864581,
    1.0
  ],
  "extrinsics": [
    0.9788058072794593,
    0.15875023196419766,
    -0.12937349300253975,
    0.0,
    0.19066842868083114,
    -0.4759026459862672,
    0.8585814976420484,
    0.0,
    0.07473079419036995,
    -0.8650520129525795,
    -0.4960849737695385,
    0.0,
    1.7650729231549536,
    0.5019679680526297,
    -0.210403470506757,
    1.0
  ]
}