{
  "intrinsics": [
    536.6964925130208,
    0.0,
    0.0,
    0.0,
    536.6964925130208,
    0.0,
    315.001708984375,
    241.61385091145831,
    1.0
  ],
  "extrinsics": [
    0.9992698955283926,
    0.034434439766589525,
    0.016553069771137206,
    0.0,
    0.003943307395815232,
    -0.523891882432595,
    0.8517756389493355,
    0.0,
    0.03800239247589775,
    -0.8510884514260277,
    -0.523645157189387,
    0.0,
    1.847362702621922,
    0.2651297145419176,
    0.08521226976451235,
    1.0
  ]
}