{
  "intrinsics": [
    536.6964925130208,
    0.0,
    0.0,
    0.0,
    536.6964925130208,
    0.0,
    314.95428466796875,
    241.62552897135416,
    1.0
  ],
  "extrinsics": [
    0.9850463762398571,
    -0.07749872554787217,
    0.15387545749036355,
    0.0,
    -0.17118305876946435,
    -0.5413059852279023,
    0.8232157155587975,
    0.0,
    0.01949558336505159,
    -0.8372465537354997,
    -0.5464779180888948,
    0.0,
    1.8195710284835427,
    0.04394294523697084,
    0.3702709009367342,
    1.0
  ]
}