{
  "intrinsics": [
    536.6964925130208,
    0.0,
    0.0,
    0.0,
    536.6964925130208,
    0.0,
    314.92885335286456,
    241.62235514322916,
    1.0
  ],
  "extrinsics": [
    0.9453487477302137,
    -0.17224124141979047,
    0.27685484867794363,
    0.0,
    -0.32601433816378766,
    -0.5136509079463549,
    0.7936481172274787,
    0.0,
    0.005507810438979778,
    -0.8405329010992397,
    -0.541732396572482,
    0.0,
    1.7143488664226447,
    -0.14183488798737054,
    0.6155805242096208,
    1.0
  ]
}