{
  "intrinsics": [
    536.6964925130208,
    0.0,
    0.0,
    0.0,
    536.6964925130208,
    0.0,
    314.91312662760413,
    241.6260782877604,
    1.0
  ],
  "extrinsics": [
    0.8901002913935924,
    -0.24974520729464558,
    0.38124642842037026,
    0.0,
    -0.4557647494058866,
    -0.4877584904929493,
    0.744560410558086,
    0.0,
    5.784850139454552e-06,
    -0.8364921301396235,
    -0.5479789828057614,
    0.0,
    1.5636085299715874,
    -0.2878705500597736,
    0.8090898226791559,
    1.0
  ]
}