{
  "intrinsics": [
    532.0268147786458,
    0.0,
    0.0,
    0.0,
    532.0268147786458,
    0.0,
    314.94203694661456,
    241.97023518880206,
    1.0
  ],
  "extrinsics": [
    0.28421953180538545,
    -0.8385793598737533,
    0.46476232033681103,
    0.0,
    -0.9568258328144114,
    -0.2788606244116546,
    0.0819815170470666,
    0.0,
    0.06085588973531734,
    -0.4679973443201986,
    -0.8816320415636434,
    0.0,
    0.5831330532990875,
    -0.7696635690126157,
    0.4332464211065039,
    1.0
  ]
}