{
  "intrinsics": [
    535.4914143880208,
    0.0,
    0.0,
    0.0,
    535.4914143880208,
    0.0,
    315.05399576822913,
    241.7363077799479,
    1.0
  ],
  "extrinsics": [
    -0.3314658728133752,
    -0.6656278897411313,
    0.6686329091892816,
    0.0,
    -0.939093890340168,
    0.16461163480760413,
    -0.30167144412003105,
    0.0,
    0.0907362385702037,
    -0.7279028718633573,
    -0.6796501935709655,
    0.0,
    -0.2043333371874665,
    -0.5010020534554424,
    0.6948939859258737,
    1.0
  ]
}