{
  "intrinsics": [
    536.5458577473958,
    0.0,
    0.0,
    0.0,
    536.5458577473958,
    0.0,
    314.9295654296875,
    241.63448079427081,
    1.0
  ],
  "extrinsics": [
    0.8394964892318688,
    -0.2947961759403675,
    0.45644359167291443,
    0.0,
    -0.5432117245448043,
    -0.4752833921379234,
    0.692117451240819,
    0.0,
    0.012906454492696503,
    -0.8289757096947612,
    -0.5591355452177675,
    0.0,
    1.4152976231592596,
    -0.37763360735608464,
    0.9449028916322366,
    1.0
  ]
}