{
  "intrinsics": [
    536.6964925130208,
    0.0,
    0.0,
    0.0,
    536.6964925130208,
    0.0,
    314.95021565755206,
    241.6460978190104,
    1.0
  ],
  "extrinsics": [
    0.8051848090365065,
    -0.32228569770686794,
    0.4978046525267446,
    0.0,
    -0.5923545256005383,
    -0.4769706329049308,
    0.6493190393730766,
    0.0,
    0.028171946287902698,
    -0.817698593546106,
    -0.5749568733942856,
    0.0,
    1.3027179865016207,
    -0.4427480538570647,
    1.0212168177381504,
    1.0
  ]
}