{
  "intrinsics": [
    536.5458577473958,
    0.0,
    0.0,
    0.0,
    536.5458577473958,
    0.0,
    314.934326171875,
    241.65132649739581,
    1.0
  ],
  "extrinsics": [
    0.7798236483178188,
    -0.35035068026050126,
    0.5187768060527758,
    0.0,
    -0.6255814453999523,
    -0.46642293989884376,
    0.6253778266307006,
    0.0,
    0.02286785367941713,
    -0.8122215869360011,
    -0.582900611402252,
    0.0,
    1.2146687112438102,
    -0.5027714358820479,
    1.065604456391196,
    1.0
  ]
}