{
  "intrinsics": [
    536.5458577473958,
    0.0,
    0.0,
    0.0,
    536.5458577473958,
    0.0,
    314.8874308268229,
    241.6514689127604,
    1.0
  ],
  "extrinsics": [
    0.7582228610804213,
    -0.3765565253990845,
    0.5322623589635251,
    0.0,
    -0.6518947285226552,
    -0.4521854522182186,
    0.6087375782809783,
    0.0,
    0.011457203730237958,
    -0.8085378647743584,
    -0.5883325075224657,
    0.0,
    1.1483407591456225,
    -0.5519383903831162,
    1.097206286706096,
    1.0
  ]
}