{
  "intrinsics": [
    536.5458577473958,
    0.0,
    0.0,
    0.0,
    536.5458577473958,
    0.0,
    314.8747151692708,
    241.65053304036456,
    1.0
  ],
  "extrinsics": [
    0.7470040418479317,
    -0.3828783264287362,
    0.543497109874454,
    0.0,
    -0.6646544843212105,
    -0.44831605676872843,
    0.5977015177735793,
    0.0,
    0.014811504067828652,
    -0.8077232304450432,
    -0.5893757389931039,
    0.0,
    1.1179199972753133,
    -0.5671086762402151,
    1.1238786096344262,
    1.0
  ]
}