{
  "intrinsics": [
    536.5458577473958,
    0.0,
    0.0,
    0.0,
    536.5458577473958,
    0.0,
    314.8892618815104,
    241.65057373046875,
    1.0
  ],
  "extrinsics": [
    0.7378834302345345,
    -0.37528970276855106,
    0.5609685305935584,
    0.0,
    -0.6742440276500291,
    -0.44729271285711636,
    0.5876429225546694,
    0.0,
    0.030380786658443643,
    -0.8118416192031389,
    -0.5830867644118951,
    0.0,
    1.1057393300869887,
    -0.5592464699675239,
    1.158935351998057,
    1.0
  ]
}