{
  "intrinsics": [
    536.5458577473958,
    0.0,
    0.0,
    0.0,
    536.5458577473958,
    0.0,
    314.9432373046875,
    241.66237386067706,
    1.0
  ],
  "extrinsics": [
    0.729373578421491,
    -0.3703971773720242,
    0.5751694847588299,
    0.0,
    -0.6814294553122962,
    -0.46778078752331115,
    0.5628808854035318,
    0.0,
    0.06056374747421883,
    -0.8024880169782348,
    -0.5935865378693873,
    0.0,
    1.1030007342809531,
    -0.5656221287457941,
    1.1865155953273858,
    1.0
  ]
}