{
  "intrinsics": [
    536.5458577473958,
    0.0,
    0.0,
    0.0,
    536.5458577473958,
    0.0,
    315.00067138671875,
    241.67083740234375,
    1.0
  ],
  "extrinsics": [
    0.7299141313446585,
    -0.36776258085481983,
    0.5761736047286122,
    0.0,
    -0.6790352818392459,
    -0.4867278335424152,
    0.5495517120430334,
    0.0,
    0.07833518605246888,
    -0.7923677332057883,
    -0.6049933228429575,
    0.0,
    1.1219312031357973,
    -0.579317054802978,
    1.1932479255829296,
    1.0
  ]
}