{
  "intrinsics": [
    536.5458577473958,
    0.0,
    0.0,
    0.0,
    536.5458577473958,
    0.0,
    314.9965616861979,
    241.6900634765625,
    1.0
  ],
  "extrinsics": [
    0.7187657588551227,
    -0.3987244990940582,
    0.5695565796981218,
    0.0,
    -0.6911255911074876,
    -0.49888750290127765,
    0.5229309648502748,
    0.0,
    0.07563925198389412,
    -0.7694999400521261,
    -0.6341520254687365,
    0.0,
    1.1161345939135907,
    -0.6462916470696982,
    1.1781547398897212,
    1.0
  ]
}