{
  "intrinsics": [
    536.3952229817708,
    0.0,
    0.0,
    0.0,
    536.3952229817708,
    0.0,
    315.0244140625,
    241.69649251302081,
    1.0
  ],
  "extrinsics": [
    0.6955881825142122,
    -0.4190059953496721,
    0.5836017568744265,
    0.0,
    -0.7143536110251237,
    -0.489894601052015,
    0.49970210898691514,
    0.0,
    0.07652516466653642,
    -0.764484932230643,
    -0.6400833031288379,
    0.0,
    1.0821979295998911,
    -0.6811278929178709,
    1.192080547230223,
    1.0
  ]
}