{
  "intrinsics": [
    535.4914143880208,
    0.0,
    0.0,
    0.0,
    535.4914143880208,
    0.0,
    315.02311197916663,
    241.75260416666666,
    1.0
  ],
  "extrinsics": [
    -0.43984659762773587,
    -0.6570926752529089,
    0.6121798903430538,
    0.0,
    -0.8946983435374849,
    0.26157505417185195,
    -0.3620682307409748,
    0.0,
    0.07778140353242463,
    -0.7069707342850184,
    -0.7029526091476082,
    0.0,
    -0.28346493370232606,
    -0.5214498572455568,
    0.6543984109215546,
    1.0
  ]
}