{
  "intrinsics": [
    536.5458577473958,
    0.0,
    0.0,
    0.0,
    536.5458577473958,
    0.0,
    315.07704671223956,
    241.6961669921875,
    1.0
  ],
  "extrinsics": [
    0.6791591050433686,
    -0.422039437672839,
    0.6005211135585901,
    0.0,
    -0.7289747837430328,
    -0.48333189420706574,
    0.48475356701840977,
    0.0,
    0.08566589003253165,
    -0.766989572612854,
    -0.6359153110517853,
    0.0,
    1.0484261232206709,
    -0.6784500273130812,
    1.213570706908,
    1.0
  ]
}