{
  "intrinsics": [
    536.5458577473958,
    0.0,
    0.0,
    0.0,
    536.5458577473958,
    0.0,
    315.1077473958333,
    241.68670654296875,
    1.0
  ],
  "extrinsics": [
    0.6702879920659517,
    -0.41652977750619924,
    0.6141797696014791,
    0.0,
    -0.7374120904913306,
    -0.46673339616835496,
    0.4882449618055494,
    0.0,
    0.08328965361368058,
    -0.7801684224882728,
    -0.6199999403992864,
    0.0,
    1.0207188199875503,
    -0.6531163621591627,
    1.2300305154920508,
    1.0
  ]
}