{
  "intrinsics": [
    536.6964925130208,
    0.0,
    0.0,
    0.0,
    536.6964925130208,
    0.0,
    315.12502034505206,
    241.67431640625,
    1.0
  ],
  "extrinsics": [
    0.674109112883453,
    -0.4052017298629246,
    0.6175665514318482,
    0.0,
    -0.7346178093717816,
    -0.454843357700546,
    0.5034423976193101,
    0.0,
    0.07690031046083892,
    -0.7930504468738493,
    -0.6042825188840867,
    0.0,
    1.0055001284864011,
    -0.6158625210450835,
    1.2225665989904602,
    1.0
  ]
}