{
  "intrinsics": [
    536.6964925130208,
    0.0,
    0.0,
    0.0,
    536.6964925130208,
    0.0,
    315.1462198893229,
    241.66351318359375,
    1.0
  ],
  "extrinsics": [
    0.686300215249294,
    -0.38856364516252273,
    0.6148252139548402,
    0.0,
    -0.7240545308576497,
    -0.4449964122117003,
    0.526994220530091,
    0.0,
    0.06882422617345994,
    -0.8068432729356436,
    -0.5867424724821478,
    0.0,
    0.9861103608566886,
    -0.5686337510648185,
    1.1978388355156002,
    1.0
  ]
}