{
  "intrinsics": [
    536.6964925130208,
    0.0,
    0.0,
    0.0,
    536.6964925130208,
    0.0,
    315.1708577473958,
    241.66263834635416,
    1.0
  ],
  "extrinsics": [
    0.7057295106411734,
    -0.370399296135863,
    0.6039454338767598,
    0.0,
    -0.704987297823181,
    -0.45169632591820086,
    0.546775218476394,
    0.0,
    0.07027479751615982,
    -0.811649342642514,
    -0.5799023177400474,
    0.0,
    0.9583844429047934,
    -0.5252595031549123,
    1.1519392609010528,
    1.0
  ]
}