{
  "intrinsics": [
    536.6964925130208,
    0.0,
    0.0,
    0.0,
    536.6964925130208,
    0.0,
    315.14381917317706,
    241.66444905598956,
    1.0
  ],
  "extrinsics": [
    0.7299485412365788,
    -0.3591617570590041,
    0.581530475403446,
    0.0,
    -0.6801830490335243,
    -0.46544780828213095,
    0.5663118463893965,
    0.0,
    0.06727454176746585,
    -0.8089257851709732,
    -0.5840487924061625,
    0.0,
    0.9276310621544677,
    -0.4947179620546751,
    1.0905164920569645,
    1.0
  ]
}