{
  "intrinsics": [
    536.6964925130208,
    0.0,
    0.0,
    0.0,
    536.6964925130208,
    0.0,
    315.0575968424479,
    241.669677734375,
    1.0
  ],
  "extrinsics": [
    0.7466305438557839,
    -0.3634385080721635,
    0.557185008828055,
    0.0,
    -0.66270051541613,
    -0.4794466570608038,
    0.5752902070499252,
    0.0,
    0.05805787752507491,
    -0.7987760150032901,
    -0.5988204352505333,
    0.0,
    0.8914977937428521,
    -0.48623326555807567,
    1.0307240972119691,
    1.0
  ]
}