{
  "intrinsics": [
    536.5458577473958,
    0.0,
    0.0,
    0.0,
    536.5458577473958,
    0.0,
    315.0427042643229,
    241.65822347005206,
    1.0
  ],
  "extrinsics": [
    0.7514585523384206,
    -0.3530301768386325,
    0.5573861705668338,
    0.0,
    -0.6578742041904149,
    -0.46508872823054337,
    0.5923627240219903,
    0.0,
    0.050112137371952546,
    -0.8118262685413726,
    -0.5817444299772085,
    0.0,
    0.8570585736967857,
    -0.4390798148857924,
    1.016332500781655,
    1.0
  ]
}