{
  "intrinsics": [
    536.6964925130208,
    0.0,
    0.0,
    0.0,
    536.6964925130208,
    0.0,
    315.03983561197913,
    241.62921142578125,
    1.0
  ],
  "extrinsics": [
    0.7503002032049719,
    -0.3296758197607418,
    0.5730299686307488,
    0.0,
    -0.6599660470475768,
    -0.4242037575417382,
    0.6200773149415076,
    0.0,
    0.03865696590783449,
    -0.843424465370592,
    -0.535855071869919,
    0.0,
    0.8340530836130042,
    -0.35656038630492537,
    1.022741704338544,
    1.0
  ]
}