{
  "intrinsics": [
    536.8471272786458,
    0.0,
    0.0,
    0.0,
    536.8471272786458,
    0.0,
    315.04445393880206,
    241.5984903971354,
    1.0
  ],
  "extrinsics": [
    0.7369958559014926,
    -0.30453209038073603,
    0.6034045814527963,
    0.0,
    -0.6752445050395838,
    -0.3709632659565157,
    0.6375193340704587,
    0.0,
    0.02969583685679434,
    -0.8772948420754746,
    -0.47903209238134653,
    0.0,
    0.806263181822052,
    -0.26265390163945657,
    1.0326473527756042,
    1.0
  ]
}