{
  "intrinsics": [
    535.4914143880208,
    0.0,
    0.0,
    0.0,
    535.4914143880208,
    0.0,
    315.03554280598956,
    241.77545166015625,
    1.0
  ],
  "extrinsics": [
    -0.5236280930071693,
    -0.6520150657954311,
    0.5483520068893581,
    0.0,
    -0.8471186329240263,
    0.33004549854007054,
    -0.4164852150569539,
    0.0,
    0.09057349633147714,
    -0.6826025634994012,
    -0.7251551882573168,
    0.0,
    -0.3582512958829902,
    -0.547372154135295,
    0.6074971565256129,
    1.0
  ]
}