{
  "intrinsics": [
    536.9977620442708,
    0.0,
    0.0,
    0.0,
    536.9977620442708,
    0.0,
    315.04933675130206,
    241.5615234375,
    1.0
  ],
  "extrinsics": [
    0.7028365281901159,
    -0.2729188786782875,
    0.6569138412434289,
    0.0,
    -0.7111758115771842,
    -0.29009542161027047,
    0.6403696727328039,
    0.0,
    0.015798724490369426,
    -0.9172565115423607,
    -0.3979830253390971,
    0.0,
    0.7604758623976622,
    -0.1432569875606483,
    1.0516373284984482,
    1.0
  ]
}