{
  "intrinsics": [
    536.9977620442708,
    0.0,
    0.0,
    0.0,
    536.9977620442708,
    0.0,
    315.0501505533854,
    241.5345255533854,
    1.0
  ],
  "extrinsics": [
    0.670427981147834,
    -0.24007496020902971,
    0.7020613770025073,
    0.0,
    -0.7419743619368683,
    -0.21772432540545816,
    0.6340899937161093,
    0.0,
    0.0006267235773791644,
    -0.9460232240825184,
    -0.3240979147899874,
    0.0,
    0.7302068140043048,
    -0.025884403007832457,
    1.0512142658937473,
    1.0
  ]
}