{
  "intrinsics": [
    536.9977620442708,
    0.0,
    0.0,
    0.0,
    536.9977620442708,
    0.0,
    315.0350341796875,
    241.51289876302081,
    1.0
  ],
  "extrinsics": [
    0.6544703322044806,
    -0.2026963868054702,
    0.7284109155147502,
    0.0,
    -0.7556864113052472,
    -0.14398779056164132,
    0.6389094186878691,
    0.0,
    -0.024622357880342054,
    -0.9685976257819708,
    -0.24741068741042443,
    0.0,
    0.7315416253834852,
    0.08644725684245602,
    1.026080777453259,
    1.0
  ]
}