{
  "intrinsics": [
    537.2990315755208,
    0.0,
    0.0,
    0.0,
    537.2990315755208,
    0.0,
    315.0167032877604,
    241.49894205729166,
    1.0
  ],
  "extrinsics": [
    0.6552979576805933,
    -0.17189951432511036,
    0.7355506916770775,
    0.0,
    -0.7538138084335609,
    -0.0863383613190769,
    0.6513909391162283,
    0.0,
    -0.04846755509262515,
    -0.9813235836878703,
    -0.1861576373269246,
    0.0,
    0.7544603544589761,
    0.17143371906251914,
    0.9862934738980838,
    1.0
  ]
}