{
  "intrinsics": [
    537.2990315755208,
    0.0,
    0.0,
    0.0,
    537.2990315755208,
    0.0,
    315.0181477864583,
    241.49462890625,
    1.0
  ],
  "extrinsics": [
    0.6542265429081223,
    -0.1530987684322767,
    0.7406404168094295,
    0.0,
    -0.7537916432395955,
    -0.05232780496643326,
    0.6550265590592329,
    0.0,
    -0.061527681104046064,
    -0.986824397380846,
    -0.14963882707802467,
    0.0,
    0.7610616500186542,
    0.22876456293779615,
    0.9547768591630679,
    1.0
  ]
}