{
  "intrinsics": [
    537.2990315755208,
    0.0,
    0.0,
    0.0,
    537.2990315755208,
    0.0,
    315.01713053385413,
    241.48699951171875,
    1.0
  ],
  "extrinsics": [
    0.6710801629025409,
    -0.11400709108038094,
    0.7325663598153549,
    0.0,
    -0.7375501933999519,
    -0.00229682292863694,
    0.6752881864903164,
    0.0,
    -0.07530508915378334,
    -0.993477092865171,
    -0.08562731605704911,
    0.0,
    0.7796192708874536,
    0.3072241763451731,
    0.9028242197542833,
    1.0
  ]
}