{
  "intrinsics": [
    537.2990315755208,
    0.0,
    0.0,
    0.0,
    537.2990315755208,
    0.0,
    315.03507486979163,
    241.48347981770831,
    1.0
  ],
  "extrinsics": [
    0.6818451707542409,
    -0.07077741373704582,
    0.7280641113306533,
    0.0,
    -0.7273154073216087,
    0.04066554361089998,
    0.6850972259755229,
    0.0,
    -0.07809656151608124,
    -0.9966626973527714,
    -0.023749905310332557,
    0.0,
    0.7745565616588308,
    0.38667487222223823,
    0.8521794914920116,
    1.0
  ]
}