{
  "intrinsics": [
    537.4496663411458,
    0.0,
    0.0,
    0.0,
    537.4496663411458,
    0.0,
    315.0702718098958,
    241.48429361979166,
    1.0
  ],
  "extrinsics": [
    0.7069478135767183,
    -0.011110998364291233,
    0.707178206025281,
    0.0,
    -0.7032662546251888,
    0.09513659782855946,
    0.7045319333684201,
    0.0,
    -0.07510659311441258,
    -0.9954020346440992,
    0.059442631955288885,
    0.0,
    0.7718007504780737,
    0.4797470803531986,
    0.776275061138938,
    1.0
  ]
}