{
  "intrinsics": [
    537.4496663411458,
    0.0,
    0.0,
    0.0,
    537.4496663411458,
    0.0,
    315.1042073567708,
    241.49025472005206,
    1.0
  ],
  "extrinsics": [
    0.735224877019793,
    0.03802834650063924,
    0.676755405078305,
    0.0,
    -0.6740268159317412,
    0.14653871688829956,
    0.7240261870227087,
    0.0,
    -0.07163736840819335,
    -0.988473553868854,
    0.13337105330254656,
    0.0,
    0.7596965598527001,
    0.5656002196602714,
    0.6835649150737038,
    1.0
  ]
}