{
  "intrinsics": [
    537.6003011067708,
    0.0,
    0.0,
    0.0,
    537.6003011067708,
    0.0,
    315.103515625,
    241.49625651041666,
    1.0
  ],
  "extrinsics": [
    0.7506682904763937,
    0.05861570957122831,
    0.6580737319058277,
    0.0,
    -0.6554800461384461,
    0.19078753554490388,
    0.7307159203409246,
    0.0,
    -0.08272084403197107,
    -0.9798796256820085,
    0.1816396050903396,
    0.0,
    0.7482916450153003,
    0.6118343609983631,
    0.6177507362622492,
    1.0
  ]
}