{
  "intrinsics": [
    535.3407796223958,
    0.0,
    0.0,
    0.0,
    535.3407796223958,
    0.0,
    315.0359700520833,
    241.79838053385416,
    1.0
  ],
  "extrinsics": [
    -0.5771293721120567,
    -0.648343563584197,
    0.49656064598017247,
    0.0,
    -0.8111402731985706,
    0.3845619438723957,
    -0.44064015526727557,
    0.0,
    0.09472788346755438,
    -0.6570866850420114,
    -0.7478395067643341,
    0.0,
    -0.4214902334309545,
    -0.577995819613971,
    0.5720832337795653,
    1.0
  ]
}