{
  "intrinsics": [
    537.6003011067708,
    0.0,
    0.0,
    0.0,
    537.6003011067708,
    0.0,
    315.06913248697913,
    241.49928792317706,
    1.0
  ],
  "extrinsics": [
    0.760171000069575,
    0.06841784688695941,
    0.64611043256365,
    0.0,
    -0.6434306246823458,
    0.21733585656763282,
    0.7340039418177848,
    0.0,
    -0.090204005973247,
    -0.9736959165971755,
    0.2092345920660582,
    0.0,
    0.7395310692224235,
    0.6379187124542025,
    0.57431203563307,
    1.0
  ]
}