{
  "intrinsics": [
    537.6003011067708,
    0.0,
    0.0,
    0.0,
    537.6003011067708,
    0.0,
    315.05690511067706,
    241.50502522786456,
    1.0
  ],
  "extrinsics": [
    0.7691516393053212,
    0.08767358161995135,
    0.6330234269145324,
    0.0,
    -0.6321399935818179,
    0.24981503701654137,
    0.7334787966077968,
    0.0,
    -0.09383208017092358,
    -0.964315935710961,
    0.24756767321925804,
    0.0,
    0.737877828859925,
    0.6654929119638828,
    0.5347352134967858,
    1.0
  ]
}