{
  "intrinsics": [
    537.6003011067708,
    0.0,
    0.0,
    0.0,
    537.6003011067708,
    0.0,
    315.0182902018229,
    241.50844319661456,
    1.0
  ],
  "extrinsics": [
    0.7865254037011198,
    0.0863775823322909,
    0.61148697529052,
    0.0,
    -0.6084897847133315,
    0.2774543625712221,
    0.743477561986363,
    0.0,
    -0.10543998328650925,
    -0.9568477199793364,
    0.2707847848799059,
    0.0,
    0.7649016782373572,
    0.6707975194487874,
    0.5060601396413686,
    1.0
  ]
}