{
  "intrinsics": [
    537.7509358723958,
    0.0,
    0.0,
    0.0,
    537.7509358723958,
    0.0,
    315.0203450520833,
    241.51430257161456,
    1.0
  ],
  "extrinsics": [
    0.810946178752615,
    0.08704240803206459,
    0.578610084280895,
    0.0,
    -0.575034804692234,
    0.30136951351352687,
    0.7605991773074539,
    0.0,
    -0.10817108392185598,
    -0.9495260365538656,
    0.29444688710300826,
    0.0,
    0.8124245445978717,
    0.6743432807525764,
    0.4764890647941229,
    1.0
  ]
}