{
  "intrinsics": [
    537.7509358723958,
    0.0,
    0.0,
    0.0,
    537.7509358723958,
    0.0,
    315.0402628580729,
    241.52215576171875,
    1.0
  ],
  "extrinsics": [
    0.8490510400993575,
    0.08724026952647858,
    0.5210576878909355,
    0.0,
    -0.518376423254236,
    0.32793026503797196,
    0.7897767346234404,
    0.0,
    -0.10197026108208446,
    -0.9406648883987607,
    0.3236529036934174,
    0.0,
    0.8873630921406909,
    0.6763463245042205,
    0.42782428499516323,
    1.0
  ]
}