{
  "intrinsics": [
    537.9015706380208,
    0.0,
    0.0,
    0.0,
    537.9015706380208,
    0.0,
    315.05875651041663,
    241.5347900390625,
    1.0
  ],
  "extrinsics": [
    0.8936532825967408,
    0.0787758586565652,
    0.44178947343730335,
    0.0,
    -0.4377525365762286,
    0.369714154705586,
    0.819563232517501,
    0.0,
    -0.0987740547850852,
    -0.9258000793211684,
    0.3648806431544389,
    0.0,
    0.9869058981557411,
    0.6720415942959701,
    0.34935581207936917,
    1.0
  ]
}