{
  "intrinsics": [
    537.9015706380208,
    0.0,
    0.0,
    0.0,
    537.9015706380208,
    0.0,
    315.0470987955729,
    241.54296875,
    1.0
  ],
  "extrinsics": [
    0.9307268961697217,
    0.04211073673261028,
    0.36328208116165156,
    0.0,
    -0.3490558774029548,
    0.3986787488619668,
    0.8480654669499565,
    0.0,
    -0.109120253341037,
    -0.91612328409041,
    0.38576004853647056,
    0.0,
    1.1023751684427445,
    0.6349664747120803,
    0.27692299464575054,
    1.0
  ]
}