{
  "intrinsics": [
    537.7509358723958,
    0.0,
    0.0,
    0.0,
    537.7509358723958,
    0.0,
    315.02685546875,
    241.5411376953125,
    1.0
  ],
  "extrinsics": [
    0.9589750622198707,
    -0.006745313480924512,
    0.28340983694780936,
    0.0,
    -0.2577929126173364,
    0.3951561348084995,
    0.8816995206736442,
    0.0,
    -0.11793851368492249,
    -0.9185890622867015,
    0.3772060148445288,
    0.0,
    1.2153381873234,
    0.5797942877519082,
    0.20794324640537054,
    1.0
  ]
}