{
  "intrinsics": [
    537.7509358723958,
    0.0,
    0.0,
    0.0,
    537.7509358723958,
    0.0,
    315.0188802083333,
    241.546142578125,
    1.0
  ],
  "extrinsics": [
    0.9792118401068929,
    -0.04938395782891173,
    0.19673641876840706,
    0.0,
    -0.16043668915424988,
    0.4049026024447677,
    0.9001742967199788,
    0.0,
    -0.1241132958599323,
    -0.913025154039768,
    0.3885624462422181,
    0.0,
    1.3160715395720177,
    0.524236202053739,
    0.11524129647080139,
    1.0
  ]
}