{
  "intrinsics": [
    537.7509358723958,
    0.0,
    0.0,
    0.0,
    537.7509358723958,
    0.0,
    315.0270589192708,
    241.54925537109375,
    1.0
  ],
  "extrinsics": [
    0.9898292342314242,
    -0.07945724847659917,
    0.11800174837974087,
    0.0,
    -0.07604148894266739,
    0.4055219322214741,
    0.9109167859196212,
    0.0,
    -0.12023122278013458,
    -0.9106252334398516,
    0.3953554895444777,
    0.0,
    1.3943041022596867,
    0.4850642722587608,
    0.023639731261606123,
    1.0
  ]
}