{
  "intrinsics": [
    535.3407796223958,
    0.0,
    0.0,
    0.0,
    535.3407796223958,
    0.0,
    315.019775390625,
    241.82478841145831,
    1.0
  ],
  "extrinsics": [
    -0.6077085920534899,
    -0.650608722807759,
    0.45541021863008596,
    0.0,
    -0.7890107681891013,
    0.42943550006324016,
    -0.4393712617290313,
    0.0,
    0.09028943249990934,
    -0.6263333198929317,
    -0.7743089882473696,
    0.0,
    -0.4818456813408609,
    -0.6130104280421194,
    0.536550393458706,
    1.0
  ]
}