{
  "intrinsics": [
    537.7509358723958,
    0.0,
    0.0,
    0.0,
    537.7509358723958,
    0.0,
    315.0531005859375,
    241.54536946614581,
    1.0
  ],
  "extrinsics": [
    0.9946224403106437,
    -0.10076891864897404,
    0.023907111323911243,
    0.0,
    0.01674593872789526,
    0.3842820289228464,
    0.9230636892490027,
    0.0,
    -0.10220323775127842,
    -0.9176996430496787,
    0.3839030394377158,
    0.0,
    1.4491653124838333,
    0.458627225297049,
    -0.08603016772359817,
    1.0
  ]
}