{
  "intrinsics": [
    537.9015706380208,
    0.0,
    0.0,
    0.0,
    537.9015706380208,
    0.0,
    315.1114501953125,
    241.54069010416666,
    1.0
  ],
  "extrinsics": [
    0.99069419434417,
    -0.10435173563405621,
    -0.08738107655993226,
    0.0,
    0.11955708213846956,
    0.36039367937407907,
    0.9251066753473269,
    0.0,
    -0.06504488929328205,
    -0.9269449056714574,
    0.36951597795996205,
    0.0,
    1.4774110183619866,
    0.45766858239969754,
    -0.22294950268589186,
    1.0
  ]
}