{
  "intrinsics": [
    537.7509358723958,
    0.0,
    0.0,
    0.0,
    537.7509358723958,
    0.0,
    315.15773518880206,
    241.54073079427081,
    1.0
  ],
  "extrinsics": [
    0.9730844990908891,
    -0.11745229044989648,
    -0.1982712082629067,
    0.0,
    0.22733328529845379,
    0.3482570143178779,
    0.90941549768988,
    0.0,
    -0.03776358996665208,
    -0.9300117748858128,
    0.3655843341724573,
    0.0,
    1.4806856274528113,
    0.4425588228615518,
    -0.36038433303927064,
    1.0
  ]
}