{
  "intrinsics": [
    537.9015706380208,
    0.0,
    0.0,
    0.0,
    537.9015706380208,
    0.0,
    315.17555745442706,
    241.53531901041666,
    1.0
  ],
  "extrinsics": [
    0.9526514944581843,
    -0.12612255082043425,
    -0.27667346235384366,
    0.0,
    0.3031402136289773,
    0.3230601239914854,
    0.8965144199041135,
    0.0,
    -0.023688525277156845,
    -0.9379366009644035,
    0.34599651196791237,
    0.0,
    1.4692497632779964,
    0.43503348312563733,
    -0.4413496296563766,
    1.0
  ]
}