{
  "intrinsics": [
    537.7509358723958,
    0.0,
    0.0,
    0.0,
    537.7509358723958,
    0.0,
    315.17533365885413,
    241.5335693359375,
    1.0
  ],
  "extrinsics": [
    0.9214980919773352,
    -0.15087540878954453,
    -0.3578794514046818,
    0.0,
    0.38772184856304753,
    0.3036347181499461,
    0.8703318115993692,
    0.0,
    -0.022647039889835987,
    -0.9407668745526814,
    0.3382965443035771,
    0.0,
    1.4468397031709268,
    0.4048692174340743,
    -0.527692002460594,
    1.0
  ]
}