{
  "intrinsics": [
    537.7509358723958,
    0.0,
    0.0,
    0.0,
    537.7509358723958,
    0.0,
    315.1181233723958,
    241.53157552083331,
    1.0
  ],
  "extrinsics": [
    0.8760795975265628,
    -0.20702557205393468,
    -0.43545926702330356,
    0.0,
    0.47879898442873,
    0.2669812179999735,
    0.8363446309709255,
    0.0,
    -0.056885280946441984,
    -0.9412020063799005,
    0.33302043014396454,
    0.0,
    1.4322639511725272,
    0.3271137490577074,
    -0.6157359806509972,
    1.0
  ]
}