{
  "intrinsics": [
    537.9015706380208,
    0.0,
    0.0,
    0.0,
    537.9015706380208,
    0.0,
    315.06595865885413,
    241.5347900390625,
    1.0
  ],
  "extrinsics": [
    0.8081591915353734,
    -0.2686374807464672,
    -0.5241300677314,
    0.0,
    0.5820559920889462,
    0.22839345917562687,
    0.7804145425751087,
    0.0,
    -0.08994074546264837,
    -0.9357723973222043,
    0.3409403696747402,
    0.0,
    1.3950803036444752,
    0.2392222787684902,
    -0.7375746638111178,
    1.0
  ]
}