{
  "intrinsics": [
    537.9015706380208,
    0.0,
    0.0,
    0.0,
    537.9015706380208,
    0.0,
    315.0642903645833,
    241.55318196614581,
    1.0
  ],
  "extrinsics": [
    0.720646042873149,
    -0.33888621681086234,
    -0.604834758490412,
    0.0,
    0.6855630248147047,
    0.2183262177576177,
    0.6945046708464152,
    0.0,
    -0.10330679290228145,
    -0.9151445909330439,
    0.38966383745949,
    0.0,
    1.33091991606263,
    0.1380258404982675,
    -0.8830144357099108,
    1.0
  ]
}