{
  "intrinsics": [
    537.9015706380208,
    0.0,
    0.0,
    0.0,
    537.9015706380208,
    0.0,
    315.0467122395833,
    241.57291666666666,
    1.0
  ],
  "extrinsics": [
    0.6104047015588815,
    -0.41359368999594626,
    -0.6755338912834083,
    0.0,
    0.782051736919807,
    0.1793429900878797,
    0.5968508211597243,
    0.0,
    -0.12570145540245092,
    -0.8926230898447599,
    0.43292357202239534,
    0.0,
    1.2469971392306645,
    0.018371773761483995,
    -1.0298418065555,
    1.0
  ]
}