{
  "intrinsics": [
    537.9015706380208,
    0.0,
    0.0,
    0.0,
    537.9015706380208,
    0.0,
    315.0320638020833,
    241.5814005533854,
    1.0
  ],
  "extrinsics": [
    0.4985107373059187,
    -0.4530973229586593,
    -0.7390464772475104,
    0.0,
    0.8555038427948932,
    0.11945603057750212,
    0.503828515378695,
    0.0,
    -0.13999977992525084,
    -0.8834210702480637,
    0.447176647972435,
    0.0,
    1.1553090284841325,
    -0.06237912669563499,
    -1.1637385994037954,
    1.0
  ]
}