{
  "intrinsics": [
    535.3407796223958,
    0.0,
    0.0,
    0.0,
    535.3407796223958,
    0.0,
    315.01220703125,
    241.8514200846354,
    1.0
  ],
  "extrinsics": [
    -0.6281620867772608,
    -0.654498513332055,
    0.42076612428874566,
    0.0,
    -0.7729883839168952,
    0.4631517989206058,
    -0.4335659140534493,
    0.0,
    0.08888965526265068,
    -0.5975970328096052,
    -0.7968541371683513,
    0.0,
    -0.5447765236887077,
    -0.6533075778263361,
    0.5041216486012411,
    1.0
  ]
}