{
  "intrinsics": [
    537.9015706380208,
    0.0,
    0.0,
    0.0,
    537.9015706380208,
    0.0,
    315.01129150390625,
    241.5833740234375,
    1.0
  ],
  "extrinsics": [
    0.39775710884864635,
    -0.47025002962503626,
    -0.7878159918112172,
    0.0,
    0.9043613735252338,
    0.056205046113169094,
    0.4230502261778163,
    0.0,
    -0.1546601831369317,
    -0.8807416680964651,
    0.4476318956270314,
    0.0,
    1.072824151993391,
    -0.11775630856840773,
    -1.2695261832677296,
    1.0
  ]
}