{
  "intrinsics": [
    538.0522054036458,
    0.0,
    0.0,
    0.0,
    538.0522054036458,
    0.0,
    315.03173828125,
    241.58880615234375,
    1.0
  ],
  "extrinsics": [
    0.29182499783849486,
    -0.48242392698695163,
    -0.8258964272128828,
    0.0,
    0.9450301772932342,
    0.012270859437496876,
    0.3267523957655272,
    0.0,
    -0.14749872560165667,
    -0.8758517703777772,
    0.459486138496581,
    0.0,
    0.9570355786449289,
    -0.16265625747307327,
    -1.370258635638136,
    1.0
  ]
}