{
  "intrinsics": [
    537.9015706380208,
    0.0,
    0.0,
    0.0,
    537.9015706380208,
    0.0,
    315.06787109375,
    241.58060709635416,
    1.0
  ],
  "extrinsics": [
    0.17090249265460913,
    -0.45989277656829336,
    -0.8713729086808981,
    0.0,
    0.9771749563411101,
    -0.03414382119508514,
    0.20967389148940072,
    0.0,
    -0.12617953914410965,
    -0.887317658096041,
    0.4435604777275344,
    0.0,
    0.7996841632741174,
    -0.13965802251918344,
    -1.4728514675479008,
    1.0
  ]
}