{
  "intrinsics": [
    537.9015706380208,
    0.0,
    0.0,
    0.0,
    537.9015706380208,
    0.0,
    315.12750244140625,
    241.5744425455729,
    1.0
  ],
  "extrinsics": [
    0.07610770818108797,
    -0.43788057996665103,
    -0.8958057820862667,
    0.0,
    0.9928723288591825,
    -0.049357955742283445,
    0.10848115159879139,
    0.0,
    -0.0917169771294255,
    -0.8976770197379927,
    0.43100303097260484,
    0.0,
    0.6637011360491845,
    -0.10446426673820747,
    -1.5340618641057964,
    1.0
  ]
}