{
  "intrinsics": [
    537.9015706380208,
    0.0,
    0.0,
    0.0,
    537.9015706380208,
    0.0,
    315.14013671875,
    241.563720703125,
    1.0
  ],
  "extrinsics": [
    0.007724179959958035,
    -0.40647420462321376,
    -0.9136294742570215,
    0.0,
    0.9966634235630085,
    -0.07111120743351008,
    0.04006347049865033,
    0.0,
    -0.08125405820579196,
    -0.9108905403295193,
    0.40456871220020896,
    0.0,
    0.5646260959479728,
    -0.05791400998879381,
    -1.5617713361992283,
    1.0
  ]
}