{
  "intrinsics": [
    537.9015706380208,
    0.0,
    0.0,
    0.0,
    537.9015706380208,
    0.0,
    315.18021647135413,
    241.56486002604166,
    1.0
  ],
  "extrinsics": [
    -0.07137343208718251,
    -0.40226414450438774,
    -0.912737118813878,
    0.0,
    0.99560250565238,
    -0.08439310435895431,
    -0.04065933045840476,
    0.0,
    -0.06067293912639525,
    -0.9116255406224003,
    0.4065186851625676,
    0.0,
    0.4447626815350696,
    -0.05455237597365503,
    -1.581220013488056,
    1.0
  ]
}