{
  "intrinsics": [
    537.9015706380208,
    0.0,
    0.0,
    0.0,
    537.9015706380208,
    0.0,
    315.21282958984375,
    241.56547037760416,
    1.0
  ],
  "extrinsics": [
    -0.1572765274898774,
    -0.3955337233058337,
    -0.9048850552857228,
    0.0,
    0.9865718990213311,
    -0.10379381972137695,
    -0.12610520785006094,
    0.0,
    -0.04404262553548999,
    -0.9125675924820691,
    0.4065467714216551,
    0.0,
    0.31548235529756585,
    -0.04984223140687921,
    -1.5905331465880912,
    1.0
  ]
}