{
  "intrinsics": [
    537.9015706380208,
    0.0,
    0.0,
    0.0,
    537.9015706380208,
    0.0,
    315.2459309895833,
    241.5643107096354,
    1.0
  ],
  "extrinsics": [
    -0.22593032955955258,
    -0.38487771603438536,
    -0.8948879745313275,
    0.0,
    0.9738052659593955,
    -0.11343466189776076,
    -0.19706788948771425,
    0.0,
    -0.025664293110362,
    -0.9159702424993412,
    0.4004243388053668,
    0.0,
    0.2109642350301364,
    -0.03646332848550371,
    -1.591869417730545,
    1.0
  ]
}