{
  "intrinsics": [
    537.9015706380208,
    0.0,
    0.0,
    0.0,
    537.9015706380208,
    0.0,
    315.26481119791663,
    241.5556640625,
    1.0
  ],
  "extrinsics": [
    -0.2770635021572419,
    -0.35744655441321144,
    -0.8918898122534128,
    0.0,
    0.9607860990402022,
    -0.11388958359248731,
    -0.25282197337235973,
    0.0,
    -0.011206626954570531,
    -0.9269632116719378,
    0.3749844058367131,
    0.0,
    0.12967854592082873,
    0.002849377019208621,
    -1.5943336113247661,
    1.0
  ]
}