{
  "intrinsics": [
    537.7509358723958,
    0.0,
    0.0,
    0.0,
    537.7509358723958,
    0.0,
    315.26053873697913,
    241.5374755859375,
    1.0
  ],
  "extrinsics": [
    -0.3202219867177969,
    -0.3018883244162877,
    -0.8979537924423519,
    0.0,
    0.9473371633959474,
    -0.10521265024060698,
    -0.30246061031283966,
    0.0,
    -0.003166774348956793,
    -0.9475196390524708,
    0.3196814385936896,
    0.0,
    0.06187285226549655,
    0.08198115155743863,
    -1.5972570912734858,
    1.0
  ]
}