{
  "intrinsics": [
    535.3407796223958,
    0.0,
    0.0,
    0.0,
    535.3407796223958,
    0.0,
    315.022216796875,
    241.876708984375,
    1.0
  ],
  "extrinsics": [
    -0.6430887088763072,
    -0.6583163205574876,
    0.39122438405188315,
    0.0,
    -0.7599837447919708,
    0.4858413805320318,
    -0.4317208108384315,
    0.0,
    0.09413584776720295,
    -0.5749589015927256,
    -0.8127488058997452,
    0.0,
    -0.6144354822394511,
    -0.69059724492875,
    0.4805622369488879,
    1.0
  ]
}