{
  "intrinsics": [
    537.7509358723958,
    0.0,
    0.0,
    0.0,
    537.7509358723958,
    0.0,
    315.27813720703125,
    241.52834065755206,
    1.0
  ],
  "extrinsics": [
    -0.3443127285669495,
    -0.27139693550231336,
    -0.8987725934019012,
    0.0,
    0.9387515520273664,
    -0.08530899955598202,
    -0.3338679652943074,
    0.0,
    0.01393736175345004,
    -0.9586792081505413,
    0.2841473106161276,
    0.0,
    0.016341175004172648,
    0.11991542808384115,
    -1.5932417939106152,
    1.0
  ]
}