{
  "intrinsics": [
    537.7509358723958,
    0.0,
    0.0,
    0.0,
    537.7509358723958,
    0.0,
    315.28177897135413,
    241.52266438802081,
    1.0
  ],
  "extrinsics": [
    -0.32356692286980787,
    -0.2541148292539313,
    -0.9114437234135874,
    0.0,
    0.9459994611709006,
    -0.06679528316478428,
    -0.31721145612243673,
    0.0,
    0.019728006257907854,
    -0.9648645551834434,
    0.26200528452990435,
    0.0,
    0.04164922254998071,
    0.14973794147002628,
    -1.5950678031597727,
    1.0
  ]
}