{
  "intrinsics": [
    537.7509358723958,
    0.0,
    0.0,
    0.0,
    537.7509358723958,
    0.0,
    315.26357014973956,
    241.52357991536456,
    1.0
  ],
  "extrinsics": [
    -0.2626541353666934,
    -0.2636077915449277,
    -0.9281828440695559,
    0.0,
    0.964857641605002,
    -0.06388289912011519,
    -0.25488921198666437,
    0.0,
    0.007895765510273215,
    -0.9625121111669193,
    0.2711231646203172,
    0.0,
    0.1280835085811951,
    0.13424539511597017,
    -1.593956757103142,
    1.0
  ]
}