{
  "intrinsics": [
    537.7509358723958,
    0.0,
    0.0,
    0.0,
    537.7509358723958,
    0.0,
    315.2394612630208,
    241.52681477864581,
    1.0
  ],
  "extrinsics": [
    -0.19337566846222912,
    -0.28220609743836894,
    -0.9396624416282628,
    0.0,
    0.9810861659220647,
    -0.06410372557598988,
    -0.1826484139538235,
    0.0,
    -0.008691383443598436,
    -0.9572095826839907,
    0.2892646247928301,
    0.0,
    0.21988380641929028,
    0.10551926569073133,
    -1.5906101161064874,
    1.0
  ]
}