{
  "intrinsics": [
    537.7509358723958,
    0.0,
    0.0,
    0.0,
    537.7509358723958,
    0.0,
    315.22585042317706,
    241.53011067708331,
    1.0
  ],
  "extrinsics": [
    -0.06924240475169627,
    -0.3020460969009401,
    -0.9507751599100829,
    0.0,
    0.9974471353145856,
    -0.03763502503535239,
    -0.06068534865947145,
    0.0,
    -0.017452664323404,
    -0.9525500168568704,
    0.303880946595063,
    0.0,
    0.38659814309781115,
    0.0842527665803337,
    -1.5730173807459629,
    1.0
  ]
}