{
  "intrinsics": [
    537.7509358723958,
    0.0,
    0.0,
    0.0,
    537.7509358723958,
    0.0,
    315.2013753255208,
    241.53312174479166,
    1.0
  ],
  "extrinsics": [
    0.09261745476808482,
    -0.3203584295029018,
    -0.9427577940577337,
    0.0,
    0.9951785772626651,
    -0.00090273124748178,
    0.09807411989953237,
    0.0,
    -0.032269920247090134,
    -0.9472957788942621,
    0.3187302679992264,
    0.0,
    0.6067238738046439,
    0.06665218208250492,
    -1.5251539278544037,
    1.0
  ]
}