{
  "intrinsics": [
    537.7509358723958,
    0.0,
    0.0,
    0.0,
    537.7509358723958,
    0.0,
    315.1779581705729,
    241.53715006510416,
    1.0
  ],
  "extrinsics": [
    0.2522029603623217,
    -0.33536137699793134,
    -0.9077037421191432,
    0.0,
    0.9665818479700862,
    0.042747005376646816,
    0.2527686571720349,
    0.0,
    -0.0459672201391456,
    -0.9411190238592694,
    0.3349351625122125,
    0.0,
    0.8240372504100084,
    0.051363654349524876,
    -1.4453958668555598,
    1.0
  ]
}