{
  "intrinsics": [
    537.7509358723958,
    0.0,
    0.0,
    0.0,
    537.7509358723958,
    0.0,
    315.1434326171875,
    241.53265380859375,
    1.0
  ],
  "extrinsics": [
    0.4104040896828181,
    -0.31891995945652357,
    -0.854317426390755,
    0.0,
    0.9098750281146287,
    0.08075572603972242,
    0.40694683803713405,
    0.0,
    -0.06079246153236221,
    -0.9443347867243054,
    0.32331979753382245,
    0.0,
    1.0454181360057448,
    0.07789858854310129,
    -1.332075607053804,
    1.0
  ]
}