{
  "intrinsics": [
    537.7509358723958,
    0.0,
    0.0,
    0.0,
    537.7509358723958,
    0.0,
    315.11024983723956,
    241.52579752604166,
    1.0
  ],
  "extrinsics": [
    0.5283750575651968,
    -0.29486587574283407,
    -0.7961617913095059,
    0.0,
    0.845833821645262,
    0.10176956915086213,
    0.5236485922775022,
    0.0,
    -0.07338107140067475,
    -0.9501035233995697,
    0.3031800355051607,
    0.0,
    1.2171295947737533,
    0.11158806648008135,
    -1.2189419090800957,
    1.0
  ]
}