{
  "intrinsics": [
    537.7509358723958,
    0.0,
    0.0,
    0.0,
    537.7509358723958,
    0.0,
    315.0772501627604,
    241.51833089192706,
    1.0
  ],
  "extrinsics": [
    0.638339366391603,
    -0.2666159240504657,
    -0.7221068929364863,
    0.0,
    0.7650787618402316,
    0.11650951626498536,
    0.633308566269153,
    0.0,
    -0.08471783290483377,
    -0.9567346113098293,
    0.27835482025540287,
    0.0,
    1.3816246007983897,
    0.1548766579456323,
    -1.0749112728846955,
    1.0
  ]
}