{
  "intrinsics": [
    535.3407796223958,
    0.0,
    0.0,
    0.0,
    535.3407796223958,
    0.0,
    315.02081298828125,
    241.88043212890625,
    1.0
  ],
  "extrinsics": [
    -0.6756089075691393,
    -0.6391685613183774,
    0.367445417987132,
    0.0,
    -0.7314820714665037,
    0.5188536823974347,
    -0.44240803052494426,
    0.0,
    0.09212290109539595,
    -0.5676745012592677,
    -0.8180825612652749,
    0.0,
    -0.7088455247529242,
    -0.6944221388136043,
    0.4621466422479261,
    1.0
  ]
}