{
  "intrinsics": [
    537.7509358723958,
    0.0,
    0.0,
    0.0,
    537.7509358723958,
    0.0,
    315.05413818359375,
    241.51186116536456,
    1.0
  ],
  "extrinsics": [
    0.7200672898655287,
    -0.23983407070728316,
    -0.6511393392289107,
    0.0,
    0.6879097877298925,
    0.12365246335770189,
    0.7151852352155476,
    0.0,
    -0.09101080851330343,
    -0.9629066839143997,
    0.25402234215351255,
    0.0,
    1.50160032855354,
    0.1928675745171763,
    -0.9351751406419313,
    1.0
  ]
}