{
  "intrinsics": [
    537.6003011067708,
    0.0,
    0.0,
    0.0,
    537.6003011067708,
    0.0,
    315.03566487630206,
    241.50372314453125,
    1.0
  ],
  "extrinsics": [
    0.7871317921935074,
    -0.20525322231821067,
    -0.5816307825541012,
    0.0,
    0.609858101881119,
    0.11807196915575868,
    0.7836656466633499,
    0.0,
    -0.09217562806792719,
    -0.9715605384180078,
    0.21811358230224762,
    0.0,
    1.5882307384307053,
    0.2333884261178063,
    -0.7888905785137506,
    1.0
  ]
}