{
  "intrinsics": [
    537.4496663411458,
    0.0,
    0.0,
    0.0,
    537.4496663411458,
    0.0,
    315.0445353190104,
    241.49212646484375,
    1.0
  ],
  "extrinsics": [
    0.83443355611903,
    -0.14042818783557903,
    -0.5329168929109073,
    0.0,
    0.5465870512330516,
    0.08726609993241223,
    0.8328427774695326,
    0.0,
    -0.07044903768106396,
    -0.986237499824632,
    0.1495739802131249,
    0.0,
    1.6387412047689447,
    0.31040197397673,
    -0.6665921885043637,
    1.0
  ]
}