{
  "intrinsics": [
    537.4496663411458,
    0.0,
    0.0,
    0.0,
    537.4496663411458,
    0.0,
    315.0780843098958,
    241.48551432291666,
    1.0
  ],
  "extrinsics": [
    0.8796649133625443,
    -0.06509460054019373,
    -0.47111770354056315,
    0.0,
    0.4743969778324436,
    0.04987356669900462,
    0.8788968459503859,
    0.0,
    -0.03371512946954311,
    -0.9966317557453647,
    0.07475272094653217,
    0.0,
    1.6735698362156162,
    0.400893522722125,
    -0.5207528161816,
    1.0
  ]
}