{
  "intrinsics": [
    537.2990315755208,
    0.0,
    0.0,
    0.0,
    537.2990315755208,
    0.0,
    315.0775146484375,
    241.48388671875,
    1.0
  ],
  "extrinsics": [
    0.8990700787994568,
    -0.028648791730636024,
    -0.43686622779584416,
    0.0,
    0.43726530009389225,
    0.009244940412921508,
    0.8992849133365417,
    0.0,
    -0.02172462600730847,
    -0.999546686717071,
    0.0208389744162911,
    0.0,
    1.6813898879959805,
    0.421988697895692,
    -0.42847640526990105,
    1.0
  ]
}