{
  "intrinsics": [
    537.2990315755208,
    0.0,
    0.0,
    0.0,
    537.2990315755208,
    0.0,
    315.0474853515625,
    241.48488362630206,
    1.0
  ],
  "extrinsics": [
    0.9074206381218793,
    0.0004388509285854661,
    -0.4202229786941811,
    0.0,
    0.4195462807457447,
    -0.05768479351364725,
    0.9058990474273113,
    0.0,
    -0.023842925325945286,
    -0.9983346133879508,
    -0.05252849544338435,
    0.0,
    1.6695806452293014,
    0.41929033885475425,
    -0.360788634816807,
    1.0
  ]
}