{
  "intrinsics": [
    537.1483968098958,
    0.0,
    0.0,
    0.0,
    537.1483968098958,
    0.0,
    315.0188802083333,
    241.48968505859375,
    1.0
  ],
  "extrinsics": [
    0.9068600939847409,
    0.026115780461819983,
    -0.42062153056747037,
    0.0,
    0.42066426034023324,
    -0.11629372336345159,
    0.8997316898562409,
    0.0,
    -0.025418453068880992,
    -0.9928713343856355,
    -0.11644812593396256,
    0.0,
    1.6446799357520645,
    0.40667985888717867,
    -0.3254789608155888,
    1.0
  ]
}