{
  "intrinsics": [
    536.9977620442708,
    0.0,
    0.0,
    0.0,
    536.9977620442708,
    0.0,
    314.9864501953125,
    241.50030517578125,
    1.0
  ],
  "extrinsics": [
    0.9186843023295935,
    0.05056036858114931,
    -0.3917427614136295,
    0.0,
    0.3940066770123202,
    -0.18731255618768275,
    0.899817937053193,
    0.0,
    -0.027883217403476903,
    -0.9809980588911141,
    -0.19200226668200276,
    0.0,
    1.6314995902867708,
    0.38212943419154805,
    -0.24228532315973794,
    1.0
  ]
}