{
  "intrinsics": [
    536.9977620442708,
    0.0,
    0.0,
    0.0,
    536.9977620442708,
    0.0,
    314.92006429036456,
    241.51837158203125,
    1.0
  ],
  "extrinsics": [
    0.931134465138258,
    0.05847493647629256,
    -0.3599572844093247,
    0.0,
    0.3616104090473753,
    -0.27576562814812505,
    0.8906128028178479,
    0.0,
    -0.04718532057519507,
    -0.9594445461959603,
    -0.2779200361701757,
    0.0,
    1.626544304346341,
    0.31959261333312594,
    -0.16786118408428452,
    1.0
  ]
}