{
  "intrinsics": [
    536.8471272786458,
    0.0,
    0.0,
    0.0,
    536.8471272786458,
    0.0,
    314.8746134440104,
    241.54323323567706,
    1.0
  ],
  "extrinsics": [
    0.9402290940681355,
    0.07317620006554157,
    -0.3325874951174612,
    0.0,
    0.3360984135781969,
    -0.35666600327985337,
    0.8716806700648839,
    0.0,
    -0.054836360500088575,
    -0.9313615610326023,
    -0.35994219282079,
    0.0,
    1.623462447665304,
    0.27221444735218736,
    -0.11699710257283691,
    1.0
  ]
}