{
  "intrinsics": [
    535.3407796223958,
    0.0,
    0.0,
    0.0,
    535.3407796223958,
    0.0,
    315.0447998046875,
    241.88393147786456,
    1.0
  ],
  "extrinsics": [
    -0.7165204720231195,
    -0.6142326094568863,
    0.3306308546735849,
    0.0,
    -0.6894922208548345,
    0.5517148124679718,
    -0.4692667464149084,
    0.0,
    0.10582500403527725,
    -0.5642066030056664,
    -0.8188235524490989,
    0.0,
    -0.807546898769866,
    -0.68316425472767,
    0.42349417979994275,
    1.0
  ]
}