{
  "intrinsics": [
    536.6964925130208,
    0.0,
    0.0,
    0.0,
    536.6964925130208,
    0.0,
    314.8598429361979,
    241.5736083984375,
    1.0
  ],
  "extrinsics": [
    0.9529737428574987,
    0.09108118994815803,
    -0.2890412873367519,
    0.0,
    0.29948424204305824,
    -0.4289649236406751,
    0.8522311244367011,
    0.0,
    -0.04636637535574752,
    -0.898717398866786,
    -0.4360697878932732,
    0.0,
    1.6254294730636234,
    0.23596135389335804,
    -0.05334795751968491,
    1.0
  ]
}