{
  "intrinsics": [
    536.6964925130208,
    0.0,
    0.0,
    0.0,
    536.6964925130208,
    0.0,
    314.8554280598958,
    241.6116943359375,
    1.0
  ],
  "extrinsics": [
    0.9651459805758569,
    0.10698719598438461,
    -0.23884422955568146,
    0.0,
    0.25978180749242463,
    -0.5022581451183037,
    0.8247725529067668,
    0.0,
    -0.031721360922859904,
    -0.8580735043949337,
    -0.5125458352246974,
    0.0,
    1.6346387521403383,
    0.19882171896345624,
    0.009387013231182628,
    1.0
  ]
}