{
  "intrinsics": [
    536.5458577473958,
    0.0,
    0.0,
    0.0,
    536.5458577473958,
    0.0,
    314.8672892252604,
    241.64593505859375,
    1.0
  ],
  "extrinsics": [
    0.9728406971560731,
    0.12133510510248957,
    -0.19712541515406037,
    0.0,
    0.23112620359539057,
    -0.5559038557336243,
    0.7984680076466623,
    0.0,
    -0.01270058493652715,
    -0.8223432564572117,
    -0.5688497320462121,
    0.0,
    1.6522479665788892,
    0.1755626226657161,
    0.051047000952432864,
    1.0
  ]
}