{
  "intrinsics": [
    536.5458577473958,
    0.0,
    0.0,
    0.0,
    536.5458577473958,
    0.0,
    314.87917073567706,
    241.67982991536456,
    1.0
  ],
  "extrinsics": [
    0.9792889088953013,
    0.12885726328375008,
    -0.1561696355066151,
    0.0,
    0.20240627771347552,
    -0.6040826297143623,
    0.7707890489512241,
    0.0,
    0.00498244453790251,
    -0.7864349060633353,
    -0.6176529184039471,
    0.0,
    1.6799078635203049,
    0.14866419700495648,
    0.09303551511093122,
    1.0
  ]
}