{
  "intrinsics": [
    536.5458577473958,
    0.0,
    0.0,
    0.0,
    536.5458577473958,
    0.0,
    314.8799845377604,
    241.73673502604166,
    1.0
  ],
  "extrinsics": [
    0.9888951869552389,
    0.11613950901507444,
    -0.09272333612306588,
    0.0,
    0.14723555203830324,
    -0.6808739964580136,
    0.7174481493367483,
    0.0,
    0.020191238141495167,
    -0.7231332843076529,
    -0.690412960682468,
    0.0,
    1.7120163982584948,
    0.07978032610365693,
    0.1624827361152914,
    1.0
  ]
}