{
  "intrinsics": [
    536.3952229817708,
    0.0,
    0.0,
    0.0,
    536.3952229817708,
    0.0,
    314.82244873046875,
    241.7629191080729,
    1.0
  ],
  "extrinsics": [
    0.9965865611723023,
    0.05501043377259096,
    -0.06155337032873322,
    0.0,
    0.08231537288120673,
    -0.7186872233876831,
    0.6904438450709282,
    0.0,
    -0.006255992823128403,
    -0.6931539232310673,
    -0.7207623476523939,
    0.0,
    1.7373751334446856,
    -0.04985078562396894,
    0.19163922495858943,
    1.0
  ]
}