{
  "intrinsics": [
    536.3952229817708,
    0.0,
    0.0,
    0.0,
    536.3952229817708,
    0.0,
    314.80729166666663,
    241.80074055989581,
    1.0
  ],
  "extrinsics": [
    0.999915189733747,
    -0.012773120199794602,
    0.0025308765695655202,
    0.0,
    -0.011331379244850693,
    -0.7577857169012711,
    0.6524048633396923,
    0.0,
    -0.006415371760285379,
    -0.6523782485729215,
    -0.7578662821838674,
    0.0,
    1.7309530616902054,
    -0.18995824809980544,
    0.26902501809169266,
    1.0
  ]
}