{
  "intrinsics": [
    536.2445882161458,
    0.0,
    0.0,
    0.0,
    536.2445882161458,
    0.0,
    314.83182779947913,
    241.81068929036456,
    1.0
  ],
  "extrinsics": [
    0.9919165643187036,
    -0.09110181436771428,
    0.0883271384766243,
    0.0,
    -0.12659622061135575,
    -0.7578922895829546,
    0.6399785029526994,
    0.0,
    0.008639197325358733,
    -0.6459872809413555,
    -0.7632990179792255,
    0.0,
    1.6745678274483584,
    -0.32528014094451985,
    0.4009738174227837,
    1.0
  ]
}