{
  "intrinsics": [
    536.2445882161458,
    0.0,
    0.0,
    0.0,
    536.2445882161458,
    0.0,
    314.8692220052083,
    241.806640625,
    1.0
  ],
  "extrinsics": [
    0.965531233185481,
    -0.1778662495895899,
    0.19003372488869497,
    0.0,
    -0.25871880665977187,
    -0.7358354609728948,
    0.6257878497416212,
    0.0,
    0.028527032674701486,
    -0.6533831209083995,
    -0.7564894717473478,
    0.0,
    1.5623912114902558,
    -0.45560857706974023,
    0.5568452926169185,
    1.0
  ]
}