{
  "intrinsics": [
    536.2445882161458,
    0.0,
    0.0,
    0.0,
    536.2445882161458,
    0.0,
    314.8822021484375,
    241.80859375,
    1.0
  ],
  "extrinsics": [
    0.9171388756603651,
    -0.2804580490593089,
    0.2831949257907956,
    0.0,
    -0.3971579591546562,
    -0.7027821057221639,
    0.5902224456646556,
    0.0,
    0.03349171828582798,
    -0.6537891717179276,
    -0.7559349983282196,
    0.0,
    1.3972114538141722,
    -0.5959390695380273,
    0.6796032954001814,
    1.0
  ]
}