{
  "intrinsics": [
    535.3407796223958,
    0.0,
    0.0,
    0.0,
    535.3407796223958,
    0.0,
    315.0231730143229,
    241.88264973958331,
    1.0
  ],
  "extrinsics": [
    -0.7816535410710267,
    -0.5523436213879646,
    0.28971393603457446,
    0.0,
    -0.6166504944350423,
    0.6146716375161191,
    -0.49185451337297836,
    0.0,
    0.09359377190712681,
    -0.5631120655501839,
    -0.8210632153730728,
    0.0,
    -0.9218399658390688,
    -0.6215142856190756,
    0.36793846932957486,
    1.0
  ]
}