{
  "intrinsics": [
    536.2445882161458,
    0.0,
    0.0,
    0.0,
    536.2445882161458,
    0.0,
    314.843994140625,
    241.78450520833331,
    1.0
  ],
  "extrinsics": [
    0.8468707758136382,
    -0.3874910077642305,
    0.36422581139773025,
    0.0,
    -0.5317810031588179,
    -0.6226117566615563,
    0.5740760237509692,
    0.0,
    0.0043219913335278215,
    -0.6798567610311919,
    -0.7333320941896865,
    0.0,
    1.1982746716245645,
    -0.7085835194622958,
    0.7755195358646352,
    1.0
  ]
}