{
  "intrinsics": [
    536.3952229817708,
    0.0,
    0.0,
    0.0,
    536.3952229817708,
    0.0,
    314.81740315755206,
    241.7659708658854,
    1.0
  ],
  "extrinsics": [
    0.7728335243390416,
    -0.46258030116874466,
    0.43445083378364646,
    0.0,
    -0.6343886396252768,
    -0.5451156074432827,
    0.5480873638911428,
    0.0,
    -0.016708480538997154,
    -0.6991910614985238,
    -0.7147393593540387,
    0.0,
    1.0153505998179748,
    -0.7569079242325991,
    0.8417509055245703,
    1.0
  ]
}