{
  "intrinsics": [
    536.3952229817708,
    0.0,
    0.0,
    0.0,
    536.3952229817708,
    0.0,
    314.79079182942706,
    241.7635294596354,
    1.0
  ],
  "extrinsics": [
    0.7357563927322023,
    -0.5002591797609374,
    0.45651200320415575,
    0.0,
    -0.6764072304509481,
    -0.5092620699237619,
    0.5320952171122947,
    0.0,
    -0.033701251393964834,
    -0.7002804819955838,
    -0.7130717550494473,
    0.0,
    0.9282463336064919,
    -0.7645629675323441,
    0.8318648272817315,
    1.0
  ]
}