{
  "intrinsics": [
    536.3952229817708,
    0.0,
    0.0,
    0.0,
    536.3952229817708,
    0.0,
    314.80399576822913,
    241.78658040364581,
    1.0
  ],
  "extrinsics": [
    0.698492882016014,
    -0.5337216691837784,
    0.4767060852173317,
    0.0,
    -0.7153819033093315,
    -0.5037075633464673,
    0.48425951981865806,
    0.0,
    -0.01833932239297561,
    -0.6792788010133283,
    -0.7336509961307002,
    0.0,
    0.8573699116173874,
    -0.7847447193747252,
    0.8187315071853021,
    1.0
  ]
}