{
  "intrinsics": [
    536.3952229817708,
    0.0,
    0.0,
    0.0,
    536.3952229817708,
    0.0,
    314.7847696940104,
    241.79121907552081,
    1.0
  ],
  "extrinsics": [
    0.6245652337416937,
    -0.5901118478796767,
    0.5115528372424706,
    0.0,
    -0.7803285558811566,
    -0.44494350770035324,
    0.4394457698469078,
    0.0,
    -0.03171004525998032,
    -0.6736418226411252,
    -0.7383773836348542,
    0.0,
    0.7432565728503391,
    -0.8341904033662327,
    0.8338590095530448,
    1.0
  ]
}