{
  "intrinsics": [
    536.3952229817708,
    0.0,
    0.0,
    0.0,
    536.3952229817708,
    0.0,
    314.8010050455729,
    241.7973429361979,
    1.0
  ],
  "extrinsics": [
    0.5230689054091447,
    -0.6411051591895689,
    0.5615896544540838,
    0.0,
    -0.8520007532106495,
    -0.37615062787396986,
    0.36415012993344514,
    0.0,
    -0.022216229564091215,
    -0.6689504697982939,
    -0.7429748391471025,
    0.0,
    0.6054572043446371,
    -0.8775758565857924,
    0.8680848431232439,
    1.0
  ]
}