{
  "intrinsics": [
    536.3952229817708,
    0.0,
    0.0,
    0.0,
    536.3952229817708,
    0.0,
    314.8158976236979,
    241.78857421875,
    1.0
  ],
  "extrinsics": [
    0.4050284469407045,
    -0.675599494950998,
    0.6160495449090049,
    0.0,
    -0.9140919869953957,
    -0.2847080010666303,
    0.28875061334570845,
    0.0,
    -0.019685521905601598,
    -0.6800782473937566,
    -0.732874984888913,
    0.0,
    0.47061915098859775,
    -0.9023034850683344,
    0.9216532378903497,
    1.0
  ]
}