{
  "intrinsics": [
    536.3952229817708,
    0.0,
    0.0,
    0.0,
    536.3952229817708,
    0.0,
    314.80802408854163,
    241.7848917643229,
    1.0
  ],
  "extrinsics": [
    0.28679889927482033,
    -0.703975488445731,
    0.6497419734157376,
    0.0,
    -0.9575737357348403,
    -0.19065312321022002,
    0.21611040081713703,
    0.0,
    -0.028261103569814813,
    -0.6841561707186506,
    -0.7287877159021635,
    0.0,
    0.3505506756066765,
    -0.931660789823691,
    0.9634456885723595,
    1.0
  ]
}