{
  "intrinsics": [
    536.3952229817708,
    0.0,
    0.0,
    0.0,
    536.3952229817708,
    0.0,
    314.81278483072913,
    241.78592936197916,
    1.0
  ],
  "extrinsics": [
    0.2064125853320093,
    -0.7184800898496184,
    0.6642137196113412,
    0.0,
    -0.9780988108772358,
    -0.13294248694958732,
    0.16015226426705317,
    0.0,
    -0.026763989657245593,
    -0.6827242217251612,
    -0.7301856171447776,
    0.0,
    0.2777368596311791,
    -0.9553717595768957,
    0.9852469250097742,
    1.0
  ]
}