{
  "intrinsics": [
    536.3952229817708,
    0.0,
    0.0,
    0.0,
    536.3952229817708,
    0.0,
    314.858642578125,
    241.79315185546875,
    1.0
  ],
  "extrinsics": [
    0.1719061014476533,
    -0.7267662409216827,
    0.6650254710422588,
    0.0,
    -0.9851034121904138,
    -0.12380618328506036,
    0.11934451136578986,
    0.0,
    -0.004401269632489959,
    -0.6756349313375208,
    -0.7372231269750436,
    0.0,
    0.25429093716144635,
    -0.9786023421838708,
    0.9913216326942935,
    1.0
  ]
}