{
  "intrinsics": [
    532.1774495442708,
    0.0,
    0.0,
    0.0,
    532.1774495442708,
    0.0,
    314.93288167317706,
    241.96266682942706,
    1.0
  ],
  "extrinsics": [
    0.27697908124488047,
    -0.8372984739202854,
    0.4713956395707939,
    0.0,
    -0.9588178335072176,
    -0.27293229998679464,
    0.07858940391448116,
    0.0,
    0.06285629050107158,
    -0.47375018256239176,
    -0.8784132586366176,
    0.0,
    0.5769363253651774,
    -0.7684919397835227,
    0.44114159372142425,
    1.0
  ]
}