{
  "intrinsics": [
    535.1901448567708,
    0.0,
    0.0,
    0.0,
    535.1901448567708,
    0.0,
    315.02787272135413,
    241.92803955078125,
    1.0
  ],
  "extrinsics": [
    -0.8300596745670571,
    -0.5166776974172467,
    0.20986913020409992,
    0.0,
    -0.5480552954300428,
    0.686178246658899,
    -0.47832502670525534,
    0.0,
    0.1031322329821834,
    -0.5120581889919359,
    -0.852736884113506,
    0.0,
    -0.9906226181103863,
    -0.5839345183837106,
    0.2610692670425123,
    1.0
  ]
}