{
  "intrinsics": [
    536.3952229817708,
    0.0,
    0.0,
    0.0,
    536.3952229817708,
    0.0,
    314.93145751953125,
    241.79311116536456,
    1.0
  ],
  "extrinsics": [
    0.15893121187272868,
    -0.7223397555435993,
    0.6730272950638435,
    0.0,
    -0.9871527610896406,
    -0.12761247539372078,
    0.09614721555789284,
    0.0,
    0.01643575848305016,
    -0.679661641889436,
    -0.7333414917600711,
    0.0,
    0.24235930431253516,
    -0.9816672192086752,
    1.01422375044372,
    1.0
  ]
}