{
  "intrinsics": [
    536.3952229817708,
    0.0,
    0.0,
    0.0,
    536.3952229817708,
    0.0,
    314.96036783854163,
    241.78485107421875,
    1.0
  ],
  "extrinsics": [
    0.14878367310600635,
    -0.7147569149525583,
    0.6833636483047927,
    0.0,
    -0.9886339758651271,
    -0.12260510140571822,
    0.08701040631200546,
    0.0,
    0.02159257514571658,
    -0.6885422533375903,
    -0.724874599617178,
    0.0,
    0.2225191870051617,
    -0.9775788433181233,
    1.046768654156319,
    1.0
  ]
}