{
  "intrinsics": [
    536.3952229817708,
    0.0,
    0.0,
    0.0,
    536.3952229817708,
    0.0,
    314.96413167317706,
    241.77919514973956,
    1.0
  ],
  "extrinsics": [
    0.1574451124785342,
    -0.7053537535112854,
    0.6911488398776651,
    0.0,
    -0.9873879219478084,
    -0.1242133822627388,
    0.09816268748635008,
    0.0,
    0.01661059183736624,
    -0.6978873595638881,
    -0.7160147422896664,
    0.0,
    0.21666912994399778,
    -0.9712010284862465,
    1.0773221697078825,
    1.0
  ]
}