{
  "intrinsics": [
    536.3952229817708,
    0.0,
    0.0,
    0.0,
    536.3952229817708,
    0.0,
    314.9449055989583,
    241.77492268880206,
    1.0
  ],
  "extrinsics": [
    0.20030447352977995,
    -0.699537264744148,
    0.6859484936755754,
    0.0,
    -0.9797064617665391,
    -0.148223350594709,
    0.13492533094296125,
    0.0,
    0.0072882631093873825,
    -0.6990544134045199,
    -0.7150311019748574,
    0.0,
    0.2614701799226373,
    -0.973697189896571,
    1.096633399370718,
    1.0
  ]
}