{
  "intrinsics": [
    536.3952229817708,
    0.0,
    0.0,
    0.0,
    536.3952229817708,
    0.0,
    314.92626953125,
    241.77655029296875,
    1.0
  ],
  "extrinsics": [
    0.2453775801003378,
    -0.6986711236825159,
    0.6720479440952378,
    0.0,
    -0.9694229992221912,
    -0.17894691483377795,
    0.1679191372910419,
    0.0,
    0.0029406537282411615,
    -0.6927023824807975,
    -0.7212174998678661,
    0.0,
    0.3115595151479682,
    -0.9866748918593186,
    1.0971919257978628,
    1.0
  ]
}