{
  "intrinsics": [
    540.914306640625,
    0.0,
    0.0,
    0.0,
    540.914306640625,
    0.0,
    314.93450927734375,
    241.7726847330729,
    1.0
  ],
  "extrinsics": [
    0.24324421436616225,
    -0.7015083296111506,
    0.6698641088991457,
    0.0,
    -0.9697422848636393,
    -0.1906762045092839,
    0.15245367918754282,
    0.0,
    0.020779599860211145,
    -0.6866792796351694,
    -0.7266632979294456,
    0.0,
    0.301805078939414,
    -0.9887641987662312,
    1.1031166817172509,
    1.0
  ]
}