{
  "intrinsics": [
    536.3952229817708,
    0.0,
    0.0,
    0.0,
    536.3952229817708,
    0.0,
    314.92362467447913,
    241.74757893880206,
    1.0
  ],
  "extrinsics": [
    0.22958731874568256,
    -0.6790343993773781,
    0.6972816610747221,
    0.0,
    -0.973128633853012,
    -0.17311502600692627,
    0.15182804524511836,
    0.0,
    0.01761347720388712,
    -0.7134026436886894,
    -0.7005327890060323,
    0.0,
    0.28821812206916153,
    -0.9362928834454494,
    1.1491254937553532,
    1.0
  ]
}