{
  "intrinsics": [
    525.3988850911458,
    0.0,
    0.0,
    0.0,
    525.3988850911458,
    0.0,
    314.9376220703125,
    241.72969563802081,
    1.0
  ],
  "extrinsics": [
    0.20043491157660817,
    -0.6624589011194618,
    0.7217852057917382,
    0.0,
    -0.9794693601594834,
    -0.15172330527422712,
    0.1327394716764191,
    0.0,
    0.021577158336030453,
    -0.7335721926011403,
    -0.6792688761095649,
    0.0,
    0.2699729926498864,
    -0.8821147897251714,
    1.1721939760376385,
    1.0
  ]
}