{
  "intrinsics": [
    532.3280843098958,
    0.0,
    0.0,
    0.0,
    532.3280843098958,
    0.0,
    314.91200764973956,
    241.7166544596354,
    1.0
  ],
  "extrinsics": [
    0.17330911264189305,
    -0.6524976981726064,
    0.7377061960036523,
    0.0,
    -0.9846634419545467,
    -0.13004041970406902,
    0.11630653007364576,
    0.0,
    0.020041831606391676,
    -0.746549455639525,
    -0.6650278521634725,
    0.0,
    0.2745047454004572,
    -0.8355097448584218,
    1.1792978613732454,
    1.0
  ]
}