{
  "intrinsics": [
    532.4787190755208,
    0.0,
    0.0,
    0.0,
    532.4787190755208,
    0.0,
    314.93544514973956,
    241.72027587890625,
    1.0
  ],
  "extrinsics": [
    0.14063013160121424,
    -0.6543352378212851,
    0.7430129648749508,
    0.0,
    -0.9896043829326816,
    -0.11571618492475047,
    0.0853969576918585,
    0.0,
    0.030100399327416285,
    -0.747298440097648,
    -0.6638062673627936,
    0.0,
    0.27457632123361764,
    -0.8123743390917895,
    1.1739567410566316,
    1.0
  ]
}