{
  "intrinsics": [
    535.3407796223958,
    0.0,
    0.0,
    0.0,
    535.3407796223958,
    0.0,
    314.984619140625,
    241.90032958984375,
    1.0
  ],
  "extrinsics": [
    -0.8615333882972355,
    -0.4586507326295104,
    0.21771445903169545,
    0.0,
    -0.5021272799756508,
    0.7063888923547044,
    -0.49888163429234916,
    0.0,
    0.07502135510549554,
    -0.5391235929237875,
    -0.8388787528135402,
    0.0,
    -1.0153294908684949,
    -0.5070440061604546,
    0.27161684559251476,
    1.0
  ]
}