{
  "intrinsics": [
    532.4787190755208,
    0.0,
    0.0,
    0.0,
    532.4787190755208,
    0.0,
    314.99078369140625,
    241.72503662109375,
    1.0
  ],
  "extrinsics": [
    0.1293406110329954,
    -0.6577597224721732,
    0.7420396364229764,
    0.0,
    -0.9911524567213629,
    -0.10823921275603074,
    0.07681645926289528,
    0.0,
    0.029791037488607935,
    -0.7454100300820587,
    -0.6659399977109053,
    0.0,
    0.29709127358318854,
    -0.8003860936861413,
    1.157540385724493,
    1.0
  ]
}