{
  "intrinsics": [
    532.6293538411458,
    0.0,
    0.0,
    0.0,
    532.6293538411458,
    0.0,
    315.0374348958333,
    241.7279052734375,
    1.0
  ],
  "extrinsics": [
    0.1261075612119611,
    -0.6682830374974563,
    0.7331400680097735,
    0.0,
    -0.9913798302085903,
    -0.11137099783879446,
    0.06900885484384968,
    0.0,
    0.035533092083447286,
    -0.7355229573129021,
    -0.6765671341545216,
    0.0,
    0.31077057341103,
    -0.8011712426280488,
    1.120964752647296,
    1.0
  ]
}