{
  "intrinsics": [
    532.4787190755208,
    0.0,
    0.0,
    0.0,
    532.4787190755208,
    0.0,
    315.03460693359375,
    241.7287394205729,
    1.0
  ],
  "extrinsics": [
    0.12238114831197318,
    -0.6892950044130185,
    0.7140693271473159,
    0.0,
    -0.9921524942718084,
    -0.10353783401973715,
    0.07009491750917748,
    0.0,
    0.025617149061064014,
    -0.71704401934043,
    -0.6965569410340108,
    0.0,
    0.30918795911278485,
    -0.813119114469929,
    1.0553640560012791,
    1.0
  ]
}