{
  "intrinsics": [
    532.4787190755208,
    0.0,
    0.0,
    0.0,
    532.4787190755208,
    0.0,
    314.98795572916663,
    241.72928873697916,
    1.0
  ],
  "extrinsics": [
    0.1307273897553028,
    -0.707846746790681,
    0.6941636163211671,
    0.0,
    -0.9914084504094457,
    -0.09645624346256892,
    0.08834796220597563,
    0.0,
    0.004419620658836644,
    -0.6997492408828234,
    -0.7143747495819959,
    0.0,
    0.31348703963004754,
    -0.8089604493784727,
    0.9724222218575413,
    1.0
  ]
}