{
  "intrinsics": [
    532.3280843098958,
    0.0,
    0.0,
    0.0,
    532.3280843098958,
    0.0,
    314.9284261067708,
    241.73622639973956,
    1.0
  ],
  "extrinsics": [
    0.16250676089613078,
    -0.7195119130444277,
    0.6751991756891851,
    0.0,
    -0.9862573271201857,
    -0.0977825784403966,
    0.13317220518518427,
    0.0,
    -0.02979627485611178,
    -0.687561611221439,
    -0.7255142902369952,
    0.0,
    0.3404859905491082,
    -0.7787025240920327,
    0.8815362668415179,
    1.0
  ]
}