{
  "intrinsics": [
    532.3280843098958,
    0.0,
    0.0,
    0.0,
    532.3280843098958,
    0.0,
    314.92753092447913,
    241.77071126302081,
    1.0
  ],
  "extrinsics": [
    0.22219027641280478,
    -0.7430574542070624,
    0.6312660188266365,
    0.0,
    -0.9747041682349454,
    -0.15324545597768197,
    0.16268820622703184,
    0.0,
    -0.024148045267052158,
    -0.6514454346896664,
    -0.7583109839891173,
    0.0,
    0.3928586177906057,
    -0.7496717988330885,
    0.7684683195510155,
    1.0
  ]
}