{
  "intrinsics": [
    532.3280843098958,
    0.0,
    0.0,
    0.0,
    532.3280843098958,
    0.0,
    314.91359456380206,
    241.7988077799479,
    1.0
  ],
  "extrinsics": [
    0.2535030360836713,
    -0.749106549238699,
    0.6120255258707318,
    0.0,
    -0.9672021026365776,
    -0.18582167158858437,
    0.1731765234794648,
    0.0,
    -0.016000045825903846,
    -0.6358532513628852,
    -0.7716438761698533,
    0.0,
    0.41217685311276187,
    -0.7072606096058139,
    0.7014702941301729,
    1.0
  ]
}