{
  "intrinsics": [
    532.3280843098958,
    0.0,
    0.0,
    0.0,
    532.3280843098958,
    0.0,
    314.88763427734375,
    241.82659912109375,
    1.0
  ],
  "extrinsics": [
    0.2717584163687807,
    -0.7647291612785788,
    0.5842399774829461,
    0.0,
    -0.9623192912281355,
    -0.2099996307022713,
    0.17274670058683442,
    0.0,
    -0.00941425040091729,
    -0.609170865601057,
    -0.7929829514012414,
    0.0,
    0.42589977276612734,
    -0.6863744676971488,
    0.6365252597930477,
    1.0
  ]
}