{
  "intrinsics": [
    532.3280843098958,
    0.0,
    0.0,
    0.0,
    532.3280843098958,
    0.0,
    314.81876627604163,
    241.82401529947916,
    1.0
  ],
  "extrinsics": [
    0.2752120177521621,
    -0.7660237827525572,
    0.5809179886037732,
    0.0,
    -0.9611348431398323,
    -0.20548809164022086,
    0.18437550616358603,
    0.0,
    -0.02186434577429197,
    -0.6090829128867115,
    -0.7928049776262696,
    0.0,
    0.43970821427371565,
    -0.6495903584120128,
    0.5984206350373249,
    1.0
  ]
}