{
  "intrinsics": [
    536.9977620442708,
    0.0,
    0.0,
    0.0,
    536.9977620442708,
    0.0,
    314.83426920572913,
    241.80523681640625,
    1.0
  ],
  "extrinsics": [
    0.26024640806274774,
    -0.7571016907805247,
    0.5992234401821829,
    0.0,
    -0.9655420828914344,
    -0.20389999506791462,
    0.1617190638389297,
    0.0,
    -0.0002561066935039357,
    -0.6206623102859826,
    -0.7840779234905995,
    0.0,
    0.44257311996824455,
    -0.5945169668247328,
    0.5751656883567311,
    1.0
  ]
}