{
  "intrinsics": [
    539.7091878255208,
    0.0,
    0.0,
    0.0,
    539.7091878255208,
    0.0,
    314.96337890625,
    241.8869425455729,
    1.0
  ],
  "extrinsics": [
    -0.8645413860782556,
    -0.4538458967034472,
    0.21585165128959774,
    0.0,
    -0.4948339033189773,
    0.6937034346138266,
    -0.5233688011394405,
    0.0,
    0.08779174167902801,
    -0.559284762021257,
    -0.824313772988003,
    0.0,
    -0.989398899187873,
    -0.49197133843240914,
    0.27570903169717265,
    1.0
  ]
}