{
  "intrinsics": [
    526.3026529947916,
    0.0,
    0.0,
    0.0,
    526.3026529947916,
    0.0,
    314.8587646484375,
    241.788818359375,
    1.0
  ],
  "extrinsics": [
    0.22564479933765152,
    -0.7489184721252159,
    0.6230612406860424,
    0.0,
    -0.9740577520230357,
    -0.18472411895872232,
    0.13072201247493595,
    0.0,
    0.01719432829758387,
    -0.636394464004805,
    -0.7711719806296877,
    0.0,
    0.44362595412269945,
    -0.5316371337409426,
    0.5508882367396257,
    1.0
  ]
}