{
  "intrinsics": [
    532.3280843098958,
    0.0,
    0.0,
    0.0,
    532.3280843098958,
    0.0,
    314.8278401692708,
    241.8070068359375,
    1.0
  ],
  "extrinsics": [
    0.17413655761893462,
    -0.7763665999083998,
    0.6057485438250618,
    0.0,
    -0.9847083194719096,
    -0.14046311062352201,
    0.10305079317300858,
    0.0,
    0.005080167707249931,
    -0.6144306230379369,
    -0.7889545146790452,
    0.0,
    0.43754655051099167,
    -0.4891283138689009,
    0.49409955338200895,
    1.0
  ]
}