{
  "intrinsics": [
    532.7799886067708,
    0.0,
    0.0,
    0.0,
    532.7799886067708,
    0.0,
    314.8118693033854,
    241.794921875,
    1.0
  ],
  "extrinsics": [
    0.12582337406744543,
    -0.7722291069773359,
    0.6227602780350115,
    0.0,
    -0.9920411577093394,
    -0.09492484978283466,
    0.08272551739435495,
    0.0,
    -0.004767611880701566,
    -0.6282126858288931,
    -0.7780268355222949,
    0.0,
    0.43017620838594883,
    -0.431025602864802,
    0.4714000846582891,
    1.0
  ]
}