{
  "intrinsics": [
    532.7799886067708,
    0.0,
    0.0,
    0.0,
    532.7799886067708,
    0.0,
    314.8323567708333,
    241.7885538736979,
    1.0
  ],
  "extrinsics": [
    0.08014942591630597,
    -0.7676224575198332,
    0.635870749021798,
    0.0,
    -0.9967549594308043,
    -0.0664815089829219,
    0.045381383142099385,
    0.0,
    0.007437908645354371,
    -0.6374445954373269,
    -0.7704600184263091,
    0.0,
    0.4115981347770443,
    -0.3859557305317324,
    0.4539244016231727,
    1.0
  ]
}