{
  "intrinsics": [
    532.7799886067708,
    0.0,
    0.0,
    0.0,
    532.7799886067708,
    0.0,
    314.84759521484375,
    241.7997843424479,
    1.0
  ],
  "extrinsics": [
    0.06332146741738201,
    -0.7832483802836381,
    0.6184756167168007,
    0.0,
    -0.9979284925220758,
    -0.056741409880566154,
    0.030312824031248152,
    0.0,
    0.011350696736486959,
    -0.619113984492519,
    -0.7852189146934337,
    0.0,
    0.4038233347865843,
    -0.35641082897816523,
    0.39236377910227993,
    1.0
  ]
}