{
  "intrinsics": [
    532.6293538411458,
    0.0,
    0.0,
    0.0,
    532.6293538411458,
    0.0,
    314.8093058268229,
    241.8057861328125,
    1.0
  ],
  "extrinsics": [
    0.04481918803619288,
    -0.7904726221992271,
    0.6108550362097588,
    0.0,
    -0.9989592586153644,
    -0.030292415373333343,
    0.03409512308714772,
    0.0,
    -0.008446962808582408,
    -0.6117474560101255,
    -0.7910077776727485,
    0.0,
    0.38107055964509673,
    -0.3133931688352017,
    0.3237983640581502,
    1.0
  ]
}