{
  "intrinsics": [
    532.6293538411458,
    0.0,
    0.0,
    0.0,
    532.6293538411458,
    0.0,
    314.79248046875,
    241.8094278971354,
    1.0
  ],
  "extrinsics": [
    0.039893380857211724,
    -0.7980587068678308,
    0.6012574365459017,
    0.0,
    -0.998807775908209,
    -0.014909485302691252,
    0.04648108968696232,
    0.0,
    -0.02813019321879764,
    -0.6023950195930694,
    -0.7977021348109,
    0.0,
    0.3589028198055284,
    -0.2441728762918866,
    0.25467927452518413,
    1.0
  ]
}