{
  "intrinsics": [
    532.6293538411458,
    0.0,
    0.0,
    0.0,
    532.6293538411458,
    0.0,
    314.78078206380206,
    241.801513671875,
    1.0
  ],
  "extrinsics": [
    0.04464221559414621,
    -0.7875003114121047,
    0.6146950755204007,
    0.0,
    -0.9983548857567426,
    -0.013007629959378946,
    0.0558409444134391,
    0.0,
    -0.035979021419973924,
    -0.6161767373421752,
    -0.786785578627818,
    0.0,
    0.34269739859049064,
    -0.1619982450161399,
    0.21014755982634192,
    1.0
  ]
}