{
  "intrinsics": [
    532.7799886067708,
    0.0,
    0.0,
    0.0,
    532.7799886067708,
    0.0,
    314.80485026041663,
    241.81685384114581,
    1.0
  ],
  "extrinsics": [
    0.05601362902204407,
    -0.80017322842185,
    0.5971473460000931,
    0.0,
    -0.9982568093695925,
    -0.03374790410363883,
    0.04841657453639051,
    0.0,
    -0.018589229572320155,
    -0.5988184896266631,
    -0.8006688115679963,
    0.0,
    0.33416421865364176,
    -0.1009833526803311,
    0.16858019188158302,
    1.0
  ]
}