{
  "intrinsics": [
    539.8598225911458,
    0.0,
    0.0,
    0.0,
    539.8598225911458,
    0.0,
    314.7961222330729,
    241.83245849609375,
    1.0
  ],
  "extrinsics": [
    0.0034339002447675545,
    -0.8138514209913216,
    0.5810627554675469,
    0.0,
    -0.999799435217999,
    0.008670371541938384,
    0.018052603891433486,
    0.0,
    -0.019730160405139342,
    -0.5810082864608982,
    -0.8136583513438029,
    0.0,
    0.3212675421334996,
    -0.07174157433283385,
    0.1324426940873747,
    1.0
  ]
}