{
  "intrinsics": [
    532.7799886067708,
    0.0,
    0.0,
    0.0,
    532.7799886067708,
    0.0,
    314.97159830729163,
    241.8616739908854,
    1.0
  ],
  "extrinsics": [
    -0.8677177186028161,
    -0.44216803739904165,
    0.22705405947636384,
    0.0,
    -0.48966968161671237,
    0.6819600725716559,
    -0.5432810457639651,
    0.0,
    0.08537969386836813,
    -0.5825960490087825,
    -0.808265071683938,
    0.0,
    -0.9555578993063505,
    -0.46190951558904314,
    0.2954058562699948,
    1.0
  ]
}