{
  "intrinsics": [
    534.8888753255208,
    0.0,
    0.0,
    0.0,
    534.8888753255208,
    0.0,
    314.78861490885413,
    241.83186848958331,
    1.0
  ],
  "extrinsics": [
    -0.06836384428394757,
    -0.8105657796240294,
    0.5816436200266943,
    0.0,
    -0.9974454340094102,
    0.06763296932571698,
    -0.022983412628188326,
    0.0,
    -0.020708733390482174,
    -0.5817290279768961,
    -0.8131188306914321,
    0.0,
    0.3101947022166742,
    -0.04073904940300693,
    0.10131583249340592,
    1.0
  ]
}