{
  "intrinsics": [
    534.8888753255208,
    0.0,
    0.0,
    0.0,
    534.8888753255208,
    0.0,
    314.74462890625,
    241.81856282552081,
    1.0
  ],
  "extrinsics": [
    -0.2119816051065263,
    -0.7783459546377813,
    0.5909663113065854,
    0.0,
    -0.976284384691476,
    0.1958616157397571,
    -0.09223223929996342,
    0.0,
    -0.04395905061757607,
    -0.5965027840746299,
    -0.8014060521456057,
    0.0,
    0.2979806207257929,
    -0.019103749969519954,
    0.07783524526677149,
    1.0
  ]
}