{
  "intrinsics": [
    534.7382405598958,
    0.0,
    0.0,
    0.0,
    534.7382405598958,
    0.0,
    314.6770833333333,
    241.83685302734375,
    1.0
  ],
  "extrinsics": [
    -0.4101336472372652,
    -0.7273764771142777,
    0.550194389588623,
    0.0,
    -0.9091775476263279,
    0.37371311604149043,
    -0.18367013406520027,
    0.0,
    -0.07201745622652626,
    -0.575553754882847,
    -0.814586664730924,
    0.0,
    0.28452039682646424,
    -0.011372178487535911,
    0.062474627963030216,
    1.0
  ]
}