{
  "intrinsics": [
    534.8888753255208,
    0.0,
    0.0,
    0.0,
    534.8888753255208,
    0.0,
    314.6309611002604,
    241.8594970703125,
    1.0
  ],
  "extrinsics": [
    -0.602885138820303,
    -0.6329644308557697,
    0.485680189457497,
    0.0,
    -0.7929825895012731,
    0.5423882205008637,
    -0.2774767113138252,
    0.0,
    -0.08779433842825886,
    -0.5524226365358643,
    -0.8289276847768768,
    0.0,
    0.25974406073663525,
    -0.022669947990638706,
    0.05338156998977284,
    1.0
  ]
}