{
  "intrinsics": [
    534.7382405598958,
    0.0,
    0.0,
    0.0,
    534.7382405598958,
    0.0,
    314.6306966145833,
    241.87310791015625,
    1.0
  ],
  "extrinsics": [
    -0.7478177771209086,
    -0.5212251784669564,
    0.411208928011807,
    0.0,
    -0.6589987544603175,
    0.6579202067513057,
    -0.3645017468635821,
    0.0,
    -0.08055517487987854,
    -0.5435670800131583,
    -0.8354912934248314,
    0.0,
    0.21108832088978602,
    -0.03545680890811487,
    0.06462441167096933,
    1.0
  ]
}