{
  "intrinsics": [
    534.7382405598958,
    0.0,
    0.0,
    0.0,
    534.7382405598958,
    0.0,
    314.6531778971354,
    241.8919677734375,
    1.0
  ],
  "extrinsics": [
    -0.8607225800801973,
    -0.4013106581739076,
    0.31321904213374585,
    0.0,
    -0.5054233465740441,
    0.7472075536140255,
    -0.4315413153961883,
    0.0,
    -0.06085751242272277,
    -0.5297456663846436,
    -0.8459702868247508,
    0.0,
    0.14398455492516926,
    -0.044726437348296066,
    0.06979760700402071,
    1.0
  ]
}