{
  "intrinsics": [
    534.7382405598958,
    0.0,
    0.0,
    0.0,
    534.7382405598958,
    0.0,
    314.6468505859375,
    241.90169270833331,
    1.0
  ],
  "extrinsics": [
    -0.9470065268949815,
    -0.23841847140748287,
    0.21525572498402307,
    0.0,
    -0.315393425812766,
    0.8171650892932075,
    -0.4824603073132331,
    0.0,
    -0.06087202607837221,
    -0.5247833635341453,
    -0.8490564096421112,
    0.0,
    0.05536309098493941,
    -0.041822761340564174,
    0.07024410526853853,
    1.0
  ]
}