{
  "intrinsics": [
    534.7382405598958,
    0.0,
    0.0,
    0.0,
    534.7382405598958,
    0.0,
    314.6618448893229,
    241.93400065104166,
    1.0
  ],
  "extrinsics": [
    -0.9924041933189753,
    -0.07488702721232306,
    0.09759982428673232,
    0.0,
    -0.11343724321000968,
    0.8640417019901954,
    -0.49047307796059947,
    0.0,
    -0.04760024214322538,
    -0.49781902068593725,
    -0.865973651263778,
    0.0,
    -0.05095701327567659,
    -0.025787843867055127,
    0.05572884578100079,
    1.0
  ]
}