{
  "intrinsics": [
    534.5876057942708,
    0.0,
    0.0,
    0.0,
    534.5876057942708,
    0.0,
    314.6684366861979,
    241.9430948893229,
    1.0
  ],
  "extrinsics": [
    -0.9981367950902685,
    0.05869404729108075,
    0.016663680667401412,
    0.0,
    0.04278142379667828,
    0.8679897024520434,
    -0.49473562766609264,
    0.0,
    -0.043501927021405436,
    -0.4931010119351706,
    -0.8688835758746986,
    0.0,
    -0.14720806671191955,
    0.002787441999084095,
    0.03604191857830252,
    1.0
  ]
}