{
  "intrinsics": [
    534.5876057942708,
    0.0,
    0.0,
    0.0,
    534.5876057942708,
    0.0,
    314.67606608072913,
    241.96010335286456,
    1.0
  ],
  "extrinsics": [
    -0.9820527940251433,
    0.18027839978309948,
    -0.05542412190876336,
    0.0,
    0.18463005840029484,
    0.8588860085982775,
    -0.47773048949376506,
    0.0,
    -0.03852151482114408,
    -0.47938958333766307,
    -0.8767562677358001,
    0.0,
    -0.22677148775978517,
    0.04156994212929055,
    0.011534625927274611,
    1.0
  ]
}