{
  "intrinsics": [
    533.8344319661458,
    0.0,
    0.0,
    0.0,
    533.8344319661458,
    0.0,
    314.966796875,
    241.83199055989581,
    1.0
  ],
  "extrinsics": [
    -0.8789432491940887,
    -0.4135938546374807,
    0.23748427311894196,
    0.0,
    -0.4705799125900945,
    0.6711205338435436,
    -0.572845297970916,
    0.0,
    0.07754470762263282,
    -0.615253841621959,
    -0.7845059177333585,
    0.0,
    -0.9386060916856657,
    -0.40946512783402556,
    0.31245861977058254,
    1.0
  ]
}