{
  "intrinsics": [
    534.5876057942708,
    0.0,
    0.0,
    0.0,
    534.5876057942708,
    0.0,
    314.66556803385413,
    241.98380533854166,
    1.0
  ],
  "extrinsics": [
    -0.9348809804840462,
    0.33267175011726385,
    -0.12380113251775482,
    0.0,
    0.3520596699716954,
    0.8245147947193961,
    -0.44297744905386416,
    0.0,
    -0.04529020630418969,
    -0.4577166588191482,
    -0.8879436795345084,
    0.0,
    -0.2800687430090079,
    0.10674651040570549,
    -0.02357153648889465,
    1.0
  ]
}