{
  "intrinsics": [
    534.5876057942708,
    0.0,
    0.0,
    0.0,
    534.5876057942708,
    0.0,
    314.6722412109375,
    241.99979654947916,
    1.0
  ],
  "extrinsics": [
    -0.8546250190656561,
    0.480220505659108,
    -0.19749475989815996,
    0.0,
    0.5174060714010924,
    0.7556078906440661,
    -0.4016807428506927,
    0.0,
    -0.0436667307975849,
    -0.4454714098187652,
    -0.8942304939049486,
    0.0,
    -0.3039312383416325,
    0.18335718461389394,
    -0.06571391001466265,
    1.0
  ]
}