{
  "intrinsics": [
    534.7382405598958,
    0.0,
    0.0,
    0.0,
    534.7382405598958,
    0.0,
    314.71266682942706,
    242.01590983072916,
    1.0
  ],
  "extrinsics": [
    -0.7499031093488124,
    0.6034997285432036,
    -0.2709854182321447,
    0.0,
    0.6611280592672231,
    0.6690853206576622,
    -0.33946170543397974,
    0.0,
    -0.02355267334598842,
    -0.4337195135126182,
    -0.900739913815423,
    0.0,
    -0.29268196707748495,
    0.2575690050222659,
    -0.1175884173220707,
    1.0
  ]
}