{
  "intrinsics": [
    534.5876057942708,
    0.0,
    0.0,
    0.0,
    534.5876057942708,
    0.0,
    314.7391357421875,
    242.03236897786456,
    1.0
  ],
  "extrinsics": [
    -0.6224502715372623,
    0.7133973859586908,
    -0.3219000052934861,
    0.0,
    0.7825602975950889,
    0.560754322159621,
    -0.27046955159299296,
    0.0,
    -0.012445456415600535,
    -0.4202600168174465,
    -0.9073182784847031,
    0.0,
    -0.25191033643528304,
    0.3192634527268423,
    -0.15160853591777856,
    1.0
  ]
}