{
  "intrinsics": [
    534.5876057942708,
    0.0,
    0.0,
    0.0,
    534.5876057942708,
    0.0,
    314.7642415364583,
    242.04756673177081,
    1.0
  ],
  "extrinsics": [
    -0.5033645324437913,
    0.7897561814888089,
    -0.3505839253851306,
    0.0,
    0.8640721413460055,
    0.4592123857985649,
    -0.2061628874331408,
    0.0,
    -0.001825938258916733,
    -0.4067049504443755,
    -0.9135576413832951,
    0.0,
    -0.20411989533034758,
    0.35751606669268865,
    -0.17129080495815996,
    1.0
  ]
}