{
  "intrinsics": [
    534.5876057942708,
    0.0,
    0.0,
    0.0,
    534.5876057942708,
    0.0,
    314.79996744791663,
    242.03946940104166,
    1.0
  ],
  "extrinsics": [
    -0.3999100741885544,
    0.8299478310878975,
    -0.3889192438965654,
    0.0,
    0.9164423313047093,
    0.3687075156422905,
    -0.15552463500572644,
    0.0,
    0.014320099569287786,
    -0.41861803896793687,
    -0.9080492843234474,
    0.0,
    -0.16096507115964265,
    0.3712330843787104,
    -0.1834105468019338,
    1.0
  ]
}