{
  "intrinsics": [
    534.5876057942708,
    0.0,
    0.0,
    0.0,
    534.5876057942708,
    0.0,
    314.85107421875,
    242.03835042317706,
    1.0
  ],
  "extrinsics": [
    -0.30185401245401366,
    0.8588256373743227,
    -0.41388686873185127,
    0.0,
    0.952591538951048,
    0.28906620761399543,
    -0.09491990792411585,
    0.0,
    0.03812104842315015,
    -0.42291719085465806,
    -0.9053659835316082,
    0.0,
    -0.13081753815074793,
    0.3829700319573399,
    -0.18918347895740306,
    1.0
  ]
}