{
  "intrinsics": [
    534.7382405598958,
    0.0,
    0.0,
    0.0,
    534.7382405598958,
    0.0,
    314.89247639973956,
    242.02840169270831,
    1.0
  ],
  "extrinsics": [
    -0.20701502995324433,
    0.8747743699201744,
    -0.43808032223411175,
    0.0,
    0.976668060421461,
    0.21093381496581814,
    -0.04032476215587363,
    0.0,
    0.05713091207441511,
    -0.4362069585503622,
    -0.8980308212214944,
    0.0,
    -0.11353163982047754,
    0.3916985080938198,
    -0.19382780330585564,
    1.0
  ]
}