{
  "intrinsics": [
    534.5876057942708,
    0.0,
    0.0,
    0.0,
    534.5876057942708,
    0.0,
    314.9628499348958,
    242.0110880533854,
    1.0
  ],
  "extrinsics": [
    -0.11655157764027241,
    0.8765161367002582,
    -0.4670492139137685,
    0.0,
    0.9889844557641312,
    0.14562709328159765,
    0.02649982664162979,
    0.0,
    0.09124253342250707,
    -0.4588158511564181,
    -0.8838339990051087,
    0.0,
    -0.10472331106581567,
    0.4046386296239419,
    -0.20570919143549735,
    1.0
  ]
}