{
  "intrinsics": [
    534.7382405598958,
    0.0,
    0.0,
    0.0,
    534.7382405598958,
    0.0,
    315.0149739583333,
    241.99934895833331,
    1.0
  ],
  "extrinsics": [
    -0.0456119778984957,
    0.8754751327405349,
    -0.48110585535722394,
    0.0,
    0.9921742877641267,
    0.09573847415610011,
    0.08015197065005811,
    0.0,
    0.11623139208582998,
    -0.4736849721504189,
    -0.8729906536150397,
    0.0,
    -0.10283925566738406,
    0.42046255911544506,
    -0.21621524560637173,
    1.0
  ]
}