{
  "intrinsics": [
    534.1357014973958,
    0.0,
    0.0,
    0.0,
    534.1357014973958,
    0.0,
    314.9759114583333,
    241.7950236002604,
    1.0
  ],
  "extrinsics": [
    -0.882770647083692,
    -0.39328992345335806,
    0.25698049674068857,
    0.0,
    -0.4638365953680512,
    0.6427049804620594,
    -0.6097424412105225,
    0.0,
    0.07464291284756928,
    -0.6574597282430524,
    -0.7497833421088196,
    0.0,
    -0.9219311163583614,
    -0.3611265111163442,
    0.34282374406075244,
    1.0
  ]
}