{
  "intrinsics": [
    534.5876057942708,
    0.0,
    0.0,
    0.0,
    534.5876057942708,
    0.0,
    315.0550333658854,
    241.98506673177081,
    1.0
  ],
  "extrinsics": [
    -0.0067128467260185905,
    0.8709780174884652,
    -0.49127583827957666,
    0.0,
    0.9905758133364758,
    0.0730015718325142,
    0.1158883691481117,
    0.0,
    0.13680011669986197,
    -0.4858680526915906,
    -0.8632599049398908,
    0.0,
    -0.10645847788015583,
    0.4356638043697258,
    -0.2337484828221521,
    1.0
  ]
}