{
  "intrinsics": [
    536.9977620442708,
    0.0,
    0.0,
    0.0,
    536.9977620442708,
    0.0,
    315.0158487955729,
    241.95583089192706,
    1.0
  ],
  "extrinsics": [
    -0.01105669268863838,
    0.8691068838165263,
    -0.49450059866376794,
    0.0,
    0.9923409075941247,
    0.07038440473706678,
    0.10151571695985823,
    0.0,
    0.12303316194120831,
    -0.4895907148448055,
    -0.8632286506407082,
    0.0,
    -0.12453329033063953,
    0.4567765783532957,
    -0.2488879573965348,
    1.0
  ]
}