{
  "intrinsics": [
    536.9977620442708,
    0.0,
    0.0,
    0.0,
    536.9977620442708,
    0.0,
    314.9627278645833,
    241.948974609375,
    1.0
  ],
  "extrinsics": [
    -0.06609822810027774,
    0.865575657438741,
    -0.49639645124668047,
    0.0,
    0.9934893157726371,
    0.10335187436536217,
    0.04792740373405589,
    0.0,
    0.09278830299618375,
    -0.48999669252683675,
    -0.8667717288745954,
    0.0,
    -0.16813128903243735,
    0.48080466508912784,
    -0.26557056378077964,
    1.0
  ]
}