{
  "intrinsics": [
    525.3988850911458,
    0.0,
    0.0,
    0.0,
    525.3988850911458,
    0.0,
    314.92254638671875,
    241.9362589518229,
    1.0
  ],
  "extrinsics": [
    -0.1494092696851484,
    0.8498268492045589,
    -0.5054414128143553,
    0.0,
    0.9864639224748964,
    0.16304513784024374,
    -0.017463545701818267,
    0.0,
    0.06756876191845584,
    -0.5012090509921242,
    -0.8626841240296663,
    0.0,
    -0.23739296742777682,
    0.5081350213316483,
    -0.2834430095688887,
    1.0
  ]
}