{
  "intrinsics": [
    531.5749104817708,
    0.0,
    0.0,
    0.0,
    531.5749104817708,
    0.0,
    314.92447916666663,
    241.90822347005206,
    1.0
  ],
  "extrinsics": [
    -0.23408026321011596,
    0.8140625136957474,
    -0.531515307413436,
    0.0,
    0.9701281417011514,
    0.23140040821949368,
    -0.07283599613182568,
    0.0,
    0.06369979849754692,
    -0.5326874734908039,
    -0.8439112731859119,
    0.0,
    -0.3141569724002813,
    0.5234647784472564,
    -0.30338381404585246,
    1.0
  ]
}