{
  "intrinsics": [
    531.7255452473958,
    0.0,
    0.0,
    0.0,
    531.7255452473958,
    0.0,
    314.89453125,
    241.886474609375,
    1.0
  ],
  "extrinsics": [
    -0.302736459177379,
    0.785554814591496,
    -0.5396796343490331,
    0.0,
    0.9521446245721551,
    0.27428460826116713,
    -0.13486398288168175,
    0.0,
    0.04208276198106319,
    -0.5546814093154222,
    -0.8309978273350791,
    0.0,
    -0.3800156402748702,
    0.5358988383145363,
    -0.30658085915065036,
    1.0
  ]
}