{
  "intrinsics": [
    531.7255452473958,
    0.0,
    0.0,
    0.0,
    531.7255452473958,
    0.0,
    314.8413899739583,
    241.88446044921875,
    1.0
  ],
  "extrinsics": [
    -0.33314210327611055,
    0.7790971286074927,
    -0.5310590255006387,
    0.0,
    0.9426924479581654,
    0.2863484837035106,
    -0.17127525190157888,
    0.0,
    0.01862788965069865,
    -0.5576844550910734,
    -0.8298437680676485,
    0.0,
    -0.41137376538060266,
    0.5542059508166246,
    -0.3041009236247514,
    1.0
  ]
}