{
  "intrinsics": [
    531.5749104817708,
    0.0,
    0.0,
    0.0,
    531.5749104817708,
    0.0,
    314.7796630859375,
    241.8707071940104,
    1.0
  ],
  "extrinsics": [
    -0.3371290605413515,
    0.7753831387674576,
    -0.5339706528540703,
    0.0,
    0.9414061619446339,
    0.27167466262443973,
    -0.19986755048003793,
    0.0,
    -0.009907616224895147,
    -0.5700644451989596,
    -0.821540093395081,
    0.0,
    -0.4152879760171575,
    0.5797852395721204,
    -0.31127999658431715,
    1.0
  ]
}