{
  "intrinsics": [
    531.7255452473958,
    0.0,
    0.0,
    0.0,
    531.7255452473958,
    0.0,
    314.7671915690104,
    241.85243733723956,
    1.0
  ],
  "extrinsics": [
    -0.34342223246585324,
    0.7707093159170725,
    -0.5367196644288216,
    0.0,
    0.9391623959925648,
    0.2782221109375461,
    -0.20141034274953443,
    0.0,
    -0.005901553395263089,
    -0.5732358130403057,
    -0.8193690065283598,
    0.0,
    -0.4073499578658768,
    0.6054549662891059,
    -0.33762936915729636,
    1.0
  ]
}