{
  "intrinsics": [
    531.7255452473958,
    0.0,
    0.0,
    0.0,
    531.7255452473958,
    0.0,
    314.790283203125,
    241.8533732096354,
    1.0
  ],
  "extrinsics": [
    -0.36455655932187697,
    0.7679232724833902,
    -0.5266803233346314,
    0.0,
    0.9310575296325581,
    0.3098158595639054,
    -0.19273246343812223,
    0.0,
    0.015170184946792103,
    -0.5606315832880935,
    -0.8279262797019722,
    0.0,
    -0.4009879000585923,
    0.6344816395828055,
    -0.3650958920502091,
    1.0
  ]
}