{
  "intrinsics": [
    534.1357014973958,
    0.0,
    0.0,
    0.0,
    534.1357014973958,
    0.0,
    314.96221923828125,
    241.7359415690104,
    1.0
  ],
  "extrinsics": [
    -0.8724639789867671,
    -0.3698371606165315,
    0.31941659101939246,
    0.0,
    -0.48573717050535054,
    0.5847117024346614,
    -0.6497472675068884,
    0.0,
    0.053534072868443305,
    -0.7220336370445317,
    -0.6897836034782951,
    0.0,
    -0.8962918256743904,
    -0.30060033539392794,
    0.42240863595338074,
    1.0
  ]
}