{
  "intrinsics": [
    531.5749104817708,
    0.0,
    0.0,
    0.0,
    531.5749104817708,
    0.0,
    314.77652994791663,
    241.86324055989581,
    1.0
  ],
  "extrinsics": [
    -0.40072154802309035,
    0.7653695216595618,
    -0.5036185295597574,
    0.0,
    0.9161686840080062,
    0.3392706540362269,
    -0.21337809468900465,
    0.0,
    0.007549900758669964,
    -0.5469047417859263,
    -0.8371607911855502,
    0.0,
    -0.3975591059911894,
    0.6797129268289677,
    -0.3773744975548805,
    1.0
  ]
}