{
  "intrinsics": [
    531.5749104817708,
    0.0,
    0.0,
    0.0,
    531.5749104817708,
    0.0,
    314.78617350260413,
    241.875,
    1.0
  ],
  "extrinsics": [
    -0.430596582120807,
    0.7579480810601538,
    -0.490001101029105,
    0.0,
    0.9025344355240709,
    0.36415705774929785,
    -0.22982825611868327,
    0.0,
    0.0042394703416285835,
    -0.5412062077385315,
    -0.8408791519305593,
    0.0,
    -0.39324196857708227,
    0.7289814587324135,
    -0.39892191194438353,
    1.0
  ]
}