{
  "intrinsics": [
    531.5749104817708,
    0.0,
    0.0,
    0.0,
    531.5749104817708,
    0.0,
    314.83837890625,
    241.90517171223956,
    1.0
  ],
  "extrinsics": [
    -0.4505429764464163,
    0.7507101471921621,
    -0.48316152458380573,
    0.0,
    0.8926907197972753,
    0.3853066770427677,
    -0.2337559286556565,
    0.0,
    0.010682418206696456,
    -0.5366309619159744,
    -0.8437492396487476,
    0.0,
    -0.3929395765601704,
    0.7704942626259016,
    -0.4218399838395992,
    1.0
  ]
}