{
  "intrinsics": [
    533.9850667317708,
    0.0,
    0.0,
    0.0,
    533.9850667317708,
    0.0,
    314.86053466796875,
    241.91286214192706,
    1.0
  ],
  "extrinsics": [
    -0.5018222330626232,
    0.7269532517691469,
    -0.46873575223306013,
    0.0,
    0.8646163332345448,
    0.4370866136967717,
    -0.24777748344980924,
    0.0,
    0.024755478705100517,
    -0.5296169211429059,
    -0.8478754881036275,
    0.0,
    -0.4377386688816909,
    0.7791685676006417,
    -0.4297417415539315,
    1.0
  ]
}