{
  "intrinsics": [
    533.9850667317708,
    0.0,
    0.0,
    0.0,
    533.9850667317708,
    0.0,
    314.86041259765625,
    241.9324747721354,
    1.0
  ],
  "extrinsics": [
    -0.5775197906174646,
    0.6949481525880674,
    -0.42838970101965734,
    0.0,
    0.8159079784005175,
    0.5091122852265894,
    -0.2740412077910165,
    0.0,
    0.027654031280273456,
    -0.5077908959457775,
    -0.8610362440521064,
    0.0,
    -0.5184129382836815,
    0.7698364529192077,
    -0.4145099429878796,
    1.0
  ]
}