{
  "intrinsics": [
    524.6456705729166,
    0.0,
    0.0,
    0.0,
    524.6456705729166,
    0.0,
    314.84708658854163,
    241.94820149739581,
    1.0
  ],
  "extrinsics": [
    -0.6826162022929189,
    0.6294180551260982,
    -0.3713053678957933,
    0.0,
    0.7304206050687403,
    0.6035137860454564,
    -0.3197756492167348,
    0.0,
    0.02281536547782812,
    -0.4894932550206684,
    -0.8717084228680164,
    0.0,
    -0.6504289493244813,
    0.7233606371229455,
    -0.38195523176657065,
    1.0
  ]
}