{
  "intrinsics": [
    531.8761800130208,
    0.0,
    0.0,
    0.0,
    531.8761800130208,
    0.0,
    314.8294677734375,
    241.94936116536456,
    1.0
  ],
  "extrinsics": [
    -0.7905006835126723,
    0.5301189857314158,
    -0.30672820796333505,
    0.0,
    0.6123186081943656,
    0.6948584953839907,
    -0.3771435384426228,
    0.0,
    0.013201733754873877,
    -0.4859476986871164,
    -0.8738880196233777,
    0.0,
    -0.8105725085102911,
    0.637961977834949,
    -0.3283465733685633,
    1.0
  ]
}