{
  "intrinsics": [
    532.1774495442708,
    0.0,
    0.0,
    0.0,
    532.1774495442708,
    0.0,
    314.83573404947913,
    241.9544474283854,
    1.0
  ],
  "extrinsics": [
    -0.8602053260465438,
    0.43988280639800814,
    -0.2579720443590073,
    0.0,
    0.5096448658204844,
    0.7590041747331062,
    -0.4051844910619223,
    0.0,
    0.017568160226690596,
    -0.48001602502062624,
    -0.8770835699570942,
    0.0,
    -0.938169758178614,
    0.5490869075003098,
    -0.2787563910949724,
    1.0
  ]
}