{
  "intrinsics": [
    532.0268147786458,
    0.0,
    0.0,
    0.0,
    532.0268147786458,
    0.0,
    314.8223673502604,
    241.95863850911456,
    1.0
  ],
  "extrinsics": [
    -0.8977268884402533,
    0.3830151631330845,
    -0.2176825738085895,
    0.0,
    0.44041468404073136,
    0.7925859205045651,
    -0.4217135201259392,
    0.0,
    0.011009459897448384,
    -0.47445419042376924,
    -0.8802112358706264,
    0.0,
    -1.0105057303666607,
    0.483625967266754,
    -0.23180257362084777,
    1.0
  ]
}