{
  "intrinsics": [
    532.0268147786458,
    0.0,
    0.0,
    0.0,
    532.0268147786458,
    0.0,
    314.82143147786456,
    241.9779052734375,
    1.0
  ],
  "extrinsics": [
    -0.9316614362530715,
    0.3186206242401757,
    -0.17460720681420497,
    0.0,
    0.3631190075365625,
    0.8328272186610077,
    -0.4177836618398637,
    0.0,
    0.012303123177533874,
    -0.45263618347484447,
    -0.8916102743520223,
    0.0,
    -1.0533172604323326,
    0.3975186404974216,
    -0.1818467612199952,
    1.0
  ]
}