{
  "intrinsics": [
    534.2863362630208,
    0.0,
    0.0,
    0.0,
    534.2863362630208,
    0.0,
    314.95668538411456,
    241.68682861328125,
    1.0
  ],
  "extrinsics": [
    -0.8489627877692105,
    -0.3572924611210243,
    0.3893637909009338,
    0.0,
    -0.527151698171069,
    0.5209130861396171,
    -0.6713869543802035,
    0.0,
    0.037056807972247294,
    -0.7752364105259263,
    -0.6305831285362024,
    0.0,
    -0.8652045501414602,
    -0.25369866071229596,
    0.5112436799437305,
    1.0
  ]
}