{
  "intrinsics": [
    532.0268147786458,
    0.0,
    0.0,
    0.0,
    532.0268147786458,
    0.0,
    314.79081217447913,
    241.98738606770831,
    1.0
  ],
  "extrinsics": [
    -0.9659641294674965,
    0.23401159504371524,
    -0.11023510465827001,
    0.0,
    0.2586451866394764,
    0.8671843235338457,
    -0.4255510627414656,
    0.0,
    -0.003989767803823204,
    -0.43957887195778117,
    -0.8981950062249918,
    0.0,
    -1.0698742447912069,
    0.28427327472924224,
    -0.10374040200820911,
    1.0
  ]
}