{
  "intrinsics": [
    532.0268147786458,
    0.0,
    0.0,
    0.0,
    532.0268147786458,
    0.0,
    314.7901611328125,
    241.99727376302081,
    1.0
  ],
  "extrinsics": [
    -0.9878525662098812,
    0.14162289812434808,
    -0.06395392999252227,
    0.0,
    0.15536696926613494,
    0.8925675508806945,
    -0.423301284069872,
    0.0,
    -0.002865921431303773,
    -0.4280956308224276,
    -0.9037287177823067,
    0.0,
    -1.058563116205198,
    0.16312912598355167,
    -0.047531284922460504,
    1.0
  ]
}