{
  "intrinsics": [
    532.0268147786458,
    0.0,
    0.0,
    0.0,
    532.0268147786458,
    0.0,
    314.80926513671875,
    241.9955851236979,
    1.0
  ],
  "extrinsics": [
    -0.995646748692141,
    0.08040440428411856,
    -0.047144382690888643,
    0.0,
    0.09287210463004872,
    0.8986152035964164,
    -0.428795056545243,
    0.0,
    0.007887683668930286,
    -0.43130683589028546,
    -0.9021707098466077,
    0.0,
    -1.0263323608807196,
    0.0874307095837894,
    -0.026025614155119614,
    1.0
  ]
}