{
  "intrinsics": [
    532.0268147786458,
    0.0,
    0.0,
    0.0,
    532.0268147786458,
    0.0,
    314.83658854166663,
    241.98378499348956,
    1.0
  ],
  "extrinsics": [
    -0.9974119493449719,
    0.04819159993563744,
    -0.05335609586106871,
    0.0,
    0.06697549056350958,
    0.8926407754284437,
    -0.4457651224128815,
    0.0,
    0.02614571350343408,
    -0.4481850471328462,
    -0.8935582684202026,
    0.0,
    -0.9845475990930573,
    0.045661961648892024,
    -0.020786617383690364,
    1.0
  ]
}