{
  "intrinsics": [
    532.1774495442708,
    0.0,
    0.0,
    0.0,
    532.1774495442708,
    0.0,
    314.86476643880206,
    241.97249348958331,
    1.0
  ],
  "extrinsics": [
    -0.9960182317361475,
    0.0538886438207376,
    -0.071018909311435,
    0.0,
    0.08069812143286303,
    0.883548165397983,
    -0.4613353443992552,
    0.0,
    0.037887889736924404,
    -0.46522948659987096,
    -0.8843788223909022,
    0.0,
    -0.9411927540425902,
    0.0457262318017424,
    -0.02468655611584758,
    1.0
  ]
}