{
  "intrinsics": [
    532.1774495442708,
    0.0,
    0.0,
    0.0,
    532.1774495442708,
    0.0,
    314.87294514973956,
    241.9594523111979,
    1.0
  ],
  "extrinsics": [
    -0.9942339553764471,
    0.07022275299840897,
    -0.08103865539257805,
    0.0,
    0.10043024994046325,
    0.8746591886529393,
    -0.47422020279609084,
    0.0,
    0.03758018233726971,
    -0.47962461538992973,
    -0.8766685015827373,
    0.0,
    -0.8984243386379309,
    0.05579236239113028,
    -0.017553216441249075,
    1.0
  ]
}