{
  "intrinsics": [
    532.1774495442708,
    0.0,
    0.0,
    0.0,
    532.1774495442708,
    0.0,
    314.85723876953125,
    241.92864990234375,
    1.0
  ],
  "extrinsics": [
    -0.9964859207457646,
    0.05661418756965261,
    -0.06172967123722324,
    0.0,
    0.08025259615949741,
    0.8563647522903869,
    -0.5100966434486962,
    0.0,
    0.02398438197503108,
    -0.5132582020695537,
    -0.8578990046994275,
    0.0,
    -0.8591149458455665,
    0.04576889430935749,
    0.01852428420889307,
    1.0
  ]
}