{
  "intrinsics": [
    532.1774495442708,
    0.0,
    0.0,
    0.0,
    532.1774495442708,
    0.0,
    314.8687540690104,
    241.89571126302081,
    1.0
  ],
  "extrinsics": [
    -0.9996258899787647,
    -0.009781206318706508,
    -0.025539266732661,
    0.0,
    0.005881063271133905,
    0.8351231963330548,
    -0.5500313679846652,
    0.0,
    0.02670836489653189,
    -0.5499758378455771,
    -0.8347532856507862,
    0.0,
    -0.829093990663283,
    0.0015530591720462894,
    0.06492802522590257,
    1.0
  ]
}