{
  "intrinsics": [
    532.3280843098958,
    0.0,
    0.0,
    0.0,
    532.3280843098958,
    0.0,
    314.8733723958333,
    241.85402425130206,
    1.0
  ],
  "extrinsics": [
    -0.9973479673968243,
    -0.06873126917921789,
    0.023937768338874538,
    0.0,
    -0.06940457704535262,
    0.7991603491246217,
    -0.5970976827784784,
    0.0,
    0.021909136946802354,
    -0.5971756032753581,
    -0.8018112350148094,
    0.0,
    -0.811458531030378,
    -0.02382315792407308,
    0.11747217732462123,
    1.0
  ]
}