{
  "intrinsics": [
    532.1774495442708,
    0.0,
    0.0,
    0.0,
    532.1774495442708,
    0.0,
    314.8407796223958,
    241.81353759765625,
    1.0
  ],
  "extrinsics": [
    -0.9870128261987635,
    -0.12091412927766645,
    0.10576016094162301,
    0.0,
    -0.16058734311020348,
    0.7596462803264971,
    -0.630197679123943,
    0.0,
    -0.004140539420794593,
    -0.6389970849938444,
    -0.7691979236529514,
    0.0,
    -0.8042533945421699,
    -0.03997288622003525,
    0.19113392823313524,
    1.0
  ]
}