{
  "intrinsics": [
    534.2863362630208,
    0.0,
    0.0,
    0.0,
    534.2863362630208,
    0.0,
    314.95587158203125,
    241.64556884765625,
    1.0
  ],
  "extrinsics": [
    -0.8232493509931788,
    -0.3398922811100519,
    0.45467983824304986,
    0.0,
    -0.5671944505457621,
    0.4593717331870297,
    -0.6835700926142162,
    0.0,
    0.023473132904648555,
    -0.8206404857727733,
    -0.5709625349829024,
    0.0,
    -0.8456866434171797,
    -0.20199254034980108,
    0.5912341581733156,
    1.0
  ]
}