{
  "intrinsics": [
    532.3280843098958,
    0.0,
    0.0,
    0.0,
    532.3280843098958,
    0.0,
    314.84499104817706,
    241.78070068359375,
    1.0
  ],
  "extrinsics": [
    -0.964342970917412,
    -0.19101424086862678,
    0.18318277794388724,
    0.0,
    -0.2645752346704829,
    0.7128153530278729,
    -0.6495335946470263,
    0.0,
    -0.006505332553491319,
    -0.6748388760951554,
    -0.7379362332210908,
    0.0,
    -0.8056325285448113,
    -0.0772736625754249,
    0.2575979161269195,
    1.0
  ]
}