{
  "intrinsics": [
    532.3280843098958,
    0.0,
    0.0,
    0.0,
    532.3280843098958,
    0.0,
    314.8887532552083,
    241.75541178385416,
    1.0
  ],
  "extrinsics": [
    -0.9276607132085103,
    -0.2733214424405964,
    0.2544422902953851,
    0.0,
    -0.37320060808488326,
    0.6550123918510811,
    -0.6570235279517973,
    0.0,
    0.012915762746641893,
    -0.7044530197062001,
    -0.7096329723864808,
    0.0,
    -0.8149615709305148,
    -0.1315897872262759,
    0.32768123957872586,
    1.0
  ]
}