{
  "intrinsics": [
    532.3280843098958,
    0.0,
    0.0,
    0.0,
    532.3280843098958,
    0.0,
    314.8959554036458,
    241.75063069661456,
    1.0
  ],
  "extrinsics": [
    -0.8859915268641757,
    -0.3368801537153211,
    0.31863858643959353,
    0.0,
    -0.46341946390624633,
    0.6193367371467542,
    -0.6337698871436356,
    0.0,
    0.01615991576044526,
    -0.709178190263721,
    -0.7048439974900875,
    0.0,
    -0.8199968936727735,
    -0.17999240538788808,
    0.3935100221647989,
    1.0
  ]
}