{
  "intrinsics": [
    532.3280843098958,
    0.0,
    0.0,
    0.0,
    532.3280843098958,
    0.0,
    314.89994303385413,
    241.75179036458331,
    1.0
  ],
  "extrinsics": [
    -0.8544322055479678,
    -0.3782862837356583,
    0.3561528419777687,
    0.0,
    -0.5192140144451056,
    0.596572710902428,
    -0.6119783430401643,
    0.0,
    0.0190319483930709,
    -0.707813644525965,
    -0.7061425670970451,
    0.0,
    -0.8195615458300878,
    -0.21460078478520206,
    0.43383278803789094,
    1.0
  ]
}