{
  "intrinsics": [
    532.4787190755208,
    0.0,
    0.0,
    0.0,
    532.4787190755208,
    0.0,
    314.89223225911456,
    241.72503662109375,
    1.0
  ],
  "extrinsics": [
    -0.838061351391429,
    -0.37403135383383357,
    0.397181990602243,
    0.0,
    -0.5455115930278019,
    0.5633123428273068,
    -0.6205611342677126,
    0.0,
    0.008371806647201867,
    -0.7367357493746257,
    -0.6761288206832686,
    0.0,
    -0.8169584064481799,
    -0.1986281007590407,
    0.4773342630351256,
    1.0
  ]
}