{
  "intrinsics": [
    532.6293538411458,
    0.0,
    0.0,
    0.0,
    532.6293538411458,
    0.0,
    314.91153971354163,
    241.69340006510416,
    1.0
  ],
  "extrinsics": [
    -0.8249797808579878,
    -0.36598979089931816,
    0.4306501332711408,
    0.0,
    -0.5650534639031982,
    0.5192098539350204,
    -0.6411984319680061,
    0.0,
    0.011074289854170092,
    -0.7723161653902312,
    -0.6351415080793257,
    0.0,
    -0.8091531280593431,
    -0.1723712992220796,
    0.5161633152508374,
    1.0
  ]
}