{
  "intrinsics": [
    532.6293538411458,
    0.0,
    0.0,
    0.0,
    532.6293538411458,
    0.0,
    314.9356486002604,
    241.66400146484375,
    1.0
  ],
  "extrinsics": [
    -0.8114509984614744,
    -0.35601642717989657,
    0.4634645764945409,
    0.0,
    -0.5841919505891395,
    0.47195784364729254,
    -0.660284326338002,
    0.0,
    0.01633632800898758,
    -0.8065407024290336,
    -0.5909526014946763,
    0.0,
    -0.7839605682039066,
    -0.1402057629023843,
    0.5548390613005745,
    1.0
  ]
}