{
  "intrinsics": [
    532.7799886067708,
    0.0,
    0.0,
    0.0,
    532.7799886067708,
    0.0,
    314.946533203125,
    241.63995361328125,
    1.0
  ],
  "extrinsics": [
    -0.7949249063469687,
    -0.3456604033737416,
    0.49861107141713246,
    0.0,
    -0.6065339345868622,
    0.43309828662670835,
    -0.6667399186896383,
    0.0,
    0.014517994624582762,
    -0.8324328091525334,
    -0.5539354649799579,
    0.0,
    -0.7401822318364379,
    -0.10615064847523148,
    0.5947208545016018,
    1.0
  ]
}