{
  "intrinsics": [
    532.6293538411458,
    0.0,
    0.0,
    0.0,
    532.6293538411458,
    0.0,
    314.9246826171875,
    241.62638346354166,
    1.0
  ],
  "extrinsics": [
    -0.8000620001964853,
    -0.3317263094864663,
    0.49985831954240195,
    0.0,
    -0.5996199991038637,
    0.4159537837729414,
    -0.6836945399517919,
    0.0,
    0.018881512701346314,
    -0.8467230840216867,
    -0.5316985474450693,
    0.0,
    -0.7044328588466977,
    -0.06994677166184637,
    0.5999294841175111,
    1.0
  ]
}