{
  "intrinsics": [
    532.7799886067708,
    0.0,
    0.0,
    0.0,
    532.7799886067708,
    0.0,
    314.93450927734375,
    241.60951741536456,
    1.0
  ],
  "extrinsics": [
    -0.8076140293275313,
    -0.3104161793038699,
    0.501399281875878,
    0.0,
    -0.5893248453564508,
    0.394061166886438,
    -0.7052743421656734,
    0.0,
    0.021346581213179495,
    -0.8650765239704746,
    -0.5011852943851117,
    0.0,
    -0.6540235508483616,
    -0.02676511129106185,
    0.6039116858491536,
    1.0
  ]
}