{
  "intrinsics": [
    534.4369710286458,
    0.0,
    0.0,
    0.0,
    534.4369710286458,
    0.0,
    314.9793497721354,
    241.6050821940104,
    1.0
  ],
  "extrinsics": [
    -0.7847146583811633,
    -0.32452031258263914,
    0.5281187927306191,
    0.0,
    -0.6194818418672821,
    0.380937030784982,
    -0.6863885451108922,
    0.0,
    0.021567020639209452,
    -0.8657791515743184,
    -0.4999613119585388,
    0.0,
    -0.8252326213141425,
    -0.14827773724272109,
    0.6811181864447537,
    1.0
  ]
}