{
  "intrinsics": [
    532.9306233723958,
    0.0,
    0.0,
    0.0,
    532.9306233723958,
    0.0,
    314.91510009765625,
    241.5947265625,
    1.0
  ],
  "extrinsics": [
    -0.8064349143549562,
    -0.2817857409049912,
    0.5198647855073024,
    0.0,
    -0.5913060257371372,
    0.37765663960554935,
    -0.7125534668865457,
    0.0,
    0.004457021319887914,
    -0.8820272635397606,
    -0.4711771331749651,
    0.0,
    -0.5823765487908419,
    0.020124106985650925,
    0.6206176611763459,
    1.0
  ]
}