{
  "intrinsics": [
    532.7799886067708,
    0.0,
    0.0,
    0.0,
    532.7799886067708,
    0.0,
    314.92506917317706,
    241.5855509440104,
    1.0
  ],
  "extrinsics": [
    -0.796809643739838,
    -0.26419427261842976,
    0.5434110274204651,
    0.0,
    -0.6040300551743661,
    0.3714342348582015,
    -0.7051127481184963,
    0.0,
    -0.015554712456546473,
    -0.8900773105672356,
    -0.455543686500751,
    0.0,
    -0.5058246942638991,
    0.05571073964004003,
    0.6384470710868457,
    1.0
  ]
}