{
  "intrinsics": [
    532.9306233723958,
    0.0,
    0.0,
    0.0,
    532.9306233723958,
    0.0,
    314.9783528645833,
    241.57537841796875,
    1.0
  ],
  "extrinsics": [
    -0.796934615537391,
    -0.2466906193353276,
    0.551397058658677,
    0.0,
    -0.6038195774703228,
    0.3513613870237246,
    -0.7155046198184842,
    0.0,
    -0.01723135949572984,
    -0.9031548301068018,
    -0.428968712200852,
    0.0,
    -0.45554663515585925,
    0.09818933887263659,
    0.6393879940311491,
    1.0
  ]
}