{
  "intrinsics": [
    532.9306233723958,
    0.0,
    0.0,
    0.0,
    532.9306233723958,
    0.0,
    315.00333658854163,
    241.5538330078125,
    1.0
  ],
  "extrinsics": [
    -0.7918540118441043,
    -0.21743744889249345,
    0.5706908278429252,
    0.0,
    -0.6105389808652681,
    0.3039891108935097,
    -0.7313224546209939,
    0.0,
    -0.014466902000088181,
    -0.927529693794244,
    -0.37346902776783975,
    0.0,
    -0.41990843420433777,
    0.15891566857035355,
    0.6392231736605569,
    1.0
  ]
}