{
  "intrinsics": [
    533.0812581380208,
    0.0,
    0.0,
    0.0,
    533.0812581380208,
    0.0,
    315.0336507161458,
    241.532958984375,
    1.0
  ],
  "extrinsics": [
    -0.7836604709020775,
    -0.18427373695323024,
    0.5932279132417917,
    0.0,
    -0.6210989419051508,
    0.24873030673713664,
    -0.7432154416381578,
    0.0,
    -0.010598672680806278,
    -0.9508818546253919,
    -0.3093723500402315,
    0.0,
    -0.3989759219709279,
    0.22478011348829702,
    0.6317848533606236,
    1.0
  ]
}