{
  "intrinsics": [
    533.2318929036458,
    0.0,
    0.0,
    0.0,
    533.2318929036458,
    0.0,
    315.07562255859375,
    241.51611328125,
    1.0
  ],
  "extrinsics": [
    -0.7835993149741198,
    -0.14847748477488182,
    0.6032630569800144,
    0.0,
    -0.6212663199031355,
    0.18719111247432302,
    -0.7609122365250597,
    0.0,
    5.285312920165044e-05,
    -0.9710374665479983,
    -0.23892691735514876,
    0.0,
    -0.4007372707160175,
    0.29445049270591817,
    0.6043034205971172,
    1.0
  ]
}