{
  "intrinsics": [
    533.2318929036458,
    0.0,
    0.0,
    0.0,
    533.2318929036458,
    0.0,
    315.13273111979163,
    241.50201416015625,
    1.0
  ],
  "extrinsics": [
    -0.7913422393088764,
    -0.1057231010345696,
    0.602162536853441,
    0.0,
    -0.6111928208483148,
    0.11288705377211605,
    -0.783389730398608,
    0.0,
    0.014846045530604375,
    -0.9879670300632487,
    -0.15394952397804085,
    0.0,
    -0.4179681959280199,
    0.37476600256233233,
    0.5588959152072266,
    1.0
  ]
}