{
  "intrinsics": [
    533.5331624348958,
    0.0,
    0.0,
    0.0,
    533.5331624348958,
    0.0,
    315.17803955078125,
    241.4915771484375,
    1.0
  ],
  "extrinsics": [
    -0.7833070353995237,
    -0.04129939265811326,
    0.620261404572429,
    0.0,
    -0.6213722951064466,
    0.02302180740486595,
    -0.7831770130788979,
    0.0,
    0.018065203751085442,
    -0.9988814669227041,
    -0.043695449786899244,
    0.0,
    -0.4209134676789805,
    0.46687235472197225,
    0.5081620143094265,
    1.0
  ]
}