{
  "intrinsics": [
    533.6837972005208,
    0.0,
    0.0,
    0.0,
    533.6837972005208,
    0.0,
    315.23307291666663,
    241.49237060546875,
    1.0
  ],
  "extrinsics": [
    -0.7727282467375756,
    0.008902495716386509,
    0.6346744413070604,
    0.0,
    -0.6340247122821081,
    -0.058177778347100806,
    -0.7711211952279974,
    0.0,
    0.030059049446616918,
    -0.9982665084281805,
    0.050600021451354914,
    0.0,
    -0.42710327387945957,
    0.5368654850737228,
    0.45731982446194697,
    1.0
  ]
}