{
  "intrinsics": [
    533.6837972005208,
    0.0,
    0.0,
    0.0,
    533.6837972005208,
    0.0,
    315.2532958984375,
    241.49627685546875,
    1.0
  ],
  "extrinsics": [
    -0.7573419727016203,
    0.05437769441722438,
    0.6507501628732519,
    0.0,
    -0.6524303290396282,
    -0.10528306129119257,
    -0.7504996365698431,
    0.0,
    0.02770254116042513,
    -0.9929542253958601,
    0.11521296055161508,
    0.0,
    -0.4205925166043496,
    0.5851007632785572,
    0.42118644174609954,
    1.0
  ]
}