{
  "intrinsics": [
    532.1774495442708,
    0.0,
    0.0,
    0.0,
    532.1774495442708,
    0.0,
    314.9366455078125,
    241.95804850260416,
    1.0
  ],
  "extrinsics": [
    0.2702367387653125,
    -0.8371228826116998,
    0.47560219331845,
    0.0,
    -0.960238951026963,
    -0.27030322737796086,
    0.06983754298135383,
    0.0,
    0.07009417872430761,
    -0.47556443511680574,
    -0.8768839039551956,
    0.0,
    0.5716819837683169,
    -0.7662718469230414,
    0.4515531370386213,
    1.0
  ]
}