{
  "intrinsics": [
    534.5876057942708,
    0.0,
    0.0,
    0.0,
    534.5876057942708,
    0.0,
    315.005859375,
    241.5755411783854,
    1.0
  ],
  "extrinsics": [
    -0.7495092994262075,
    -0.3049405027407722,
    0.5875772447482576,
    0.0,
    -0.6615857096569702,
    0.3138798207834097,
    -0.6810166663121883,
    0.0,
    0.023240925645894906,
    -0.8991609981332627,
    -0.43700016629020005,
    0.0,
    -0.8169374023312439,
    -0.0941686630080728,
    0.7573639531021659,
    1.0
  ]
}