{
  "intrinsics": [
    533.6837972005208,
    0.0,
    0.0,
    0.0,
    533.6837972005208,
    0.0,
    315.22733561197913,
    241.49617513020831,
    1.0
  ],
  "extrinsics": [
    -0.7531365421707906,
    0.07479291369976315,
    0.6535987985708571,
    0.0,
    -0.657400052378648,
    -0.12288185352947431,
    -0.7434548891590298,
    0.0,
    0.02471027451453697,
    -0.9895988969526627,
    0.14171566225549379,
    0.0,
    -0.41406939176351343,
    0.6066066251446468,
    0.3975682779296168,
    1.0
  ]
}