{
  "intrinsics": [
    533.8344319661458,
    0.0,
    0.0,
    0.0,
    533.8344319661458,
    0.0,
    315.216552734375,
    241.49859619140625,
    1.0
  ],
  "extrinsics": [
    -0.7460303720885791,
    0.10677907717817646,
    0.6572951005170269,
    0.0,
    -0.6656483599478425,
    -0.1473483204880969,
    -0.7315740580320776,
    0.0,
    0.018734528794755984,
    -0.9833039106161355,
    0.18100364441480837,
    0.0,
    -0.3928208456595119,
    0.6314978452610702,
    0.37388958092373636,
    1.0
  ]
}