{
  "intrinsics": [
    533.8344319661458,
    0.0,
    0.0,
    0.0,
    533.8344319661458,
    0.0,
    315.184814453125,
    241.50238037109375,
    1.0
  ],
  "extrinsics": [
    -0.7277789911756847,
    0.15668835128931938,
    0.6676721975039324,
    0.0,
    -0.685759263914903,
    -0.15425004696094377,
    -0.7112952053748653,
    0.0,
    -0.008463208409177444,
    -0.9755282116643249,
    0.2197104645036702,
    0.0,
    -0.3413336745369868,
    0.6655020370805621,
    0.3632757021548989,
    1.0
  ]
}