{
  "intrinsics": [
    533.8344319661458,
    0.0,
    0.0,
    0.0,
    533.8344319661458,
    0.0,
    315.1358439127604,
    241.51397705078125,
    1.0
  ],
  "extrinsics": [
    -0.6844888570607768,
    0.24175117045795014,
    0.6877726841503564,
    0.0,
    -0.7272745838368698,
    -0.16113464284607854,
    -0.6671635319039231,
    0.0,
    -0.050463569585694666,
    -0.9568655724755332,
    0.2861143460002229,
    0.0,
    -0.25723463388548984,
    0.7209917759410962,
    0.347874676444051,
    1.0
  ]
}