{
  "intrinsics": [
    533.9850667317708,
    0.0,
    0.0,
    0.0,
    533.9850667317708,
    0.0,
    315.07452392578125,
    241.52400716145831,
    1.0
  ],
  "extrinsics": [
    -0.6244315857562855,
    0.3105048377860517,
    0.7167088908213289,
    0.0,
    -0.7754479576492789,
    -0.13645607493743758,
    -0.6164899921798875,
    0.0,
    -0.09362387851866129,
    -0.9407263483010163,
    0.3259878369364712,
    0.0,
    -0.16345124571877045,
    0.7658345349318968,
    0.3450351359870123,
    1.0
  ]
}