{
  "intrinsics": [
    534.1357014973958,
    0.0,
    0.0,
    0.0,
    534.1357014973958,
    0.0,
    315.0507405598958,
    241.54274495442706,
    1.0
  ],
  "extrinsics": [
    -0.5025051152242763,
    0.3878109129804618,
    0.7727166189929867,
    0.0,
    -0.8565753828698002,
    -0.10202405670729149,
    -0.5058353328421281,
    0.0,
    -0.11733281175498993,
    -0.9160750782914152,
    0.38345692456356556,
    0.0,
    -0.05365492106816383,
    0.8105308365442003,
    0.340155422791806,
    1.0
  ]
}