{
  "intrinsics": [
    534.2863362630208,
    0.0,
    0.0,
    0.0,
    534.2863362630208,
    0.0,
    315.0768636067708,
    241.564208984375,
    1.0
  ],
  "extrinsics": [
    -0.33669663260736277,
    0.44941181062776975,
    0.827444397672876,
    0.0,
    -0.9349905936871086,
    -0.05552988876011193,
    -0.350298426723225,
    0.0,
    -0.1114803497687018,
    -0.8915971228269985,
    0.4388925224135132,
    0.0,
    0.052891829003061996,
    0.8479841133359305,
    0.33162213785904676,
    1.0
  ]
}