{
  "intrinsics": [
    534.2863362630208,
    0.0,
    0.0,
    0.0,
    534.2863362630208,
    0.0,
    315.13126627604163,
    241.5922648111979,
    1.0
  ],
  "extrinsics": [
    -0.15730966939451116,
    0.5059519156441082,
    0.8480956721574989,
    0.0,
    -0.9833541606748265,
    -0.0011785405479353254,
    -0.1816951539041758,
    0.0,
    -0.09092950626206368,
    -0.8625608149499582,
    0.4977153126205017,
    0.0,
    0.14742425774571544,
    0.8831363632802369,
    0.3072175554956059,
    1.0
  ]
}