{
  "intrinsics": [
    534.2863362630208,
    0.0,
    0.0,
    0.0,
    534.2863362630208,
    0.0,
    315.1783040364583,
    241.60817464192706,
    1.0
  ],
  "extrinsics": [
    -0.037634239431581874,
    0.5295636783111372,
    0.8474348481759273,
    0.0,
    -0.9968280096921188,
    0.039615759462306006,
    -0.06902469251524718,
    0.0,
    -0.07012480048036791,
    -0.8473446103353223,
    0.5263930667457685,
    0.0,
    0.19965768504430326,
    0.906188800001924,
    0.29576795626001007,
    1.0
  ]
}