{
  "intrinsics": [
    534.4369710286458,
    0.0,
    0.0,
    0.0,
    534.4369710286458,
    0.0,
    315.1981201171875,
    241.62506103515625,
    1.0
  ],
  "extrinsics": [
    0.048322705057596206,
    0.5535656806493596,
    0.8314022512394623,
    0.0,
    -0.9967707453325336,
    0.08017026202176744,
    0.004555152753180389,
    0.0,
    -0.0641321353930201,
    -0.8289376105180076,
    0.5556521496021217,
    0.0,
    0.2445290899555781,
    0.9279634397494301,
    0.27576029189316864,
    1.0
  ]
}