{
  "intrinsics": [
    534.5876057942708,
    0.0,
    0.0,
    0.0,
    534.5876057942708,
    0.0,
    315.0068359375,
    241.55167643229166,
    1.0
  ],
  "extrinsics": [
    -0.7125832824336582,
    -0.27264524063079215,
    0.6464438347562457,
    0.0,
    -0.7015046977020308,
    0.26272721719080605,
    -0.662469305026109,
    0.0,
    0.010780711993442249,
    -0.9255479095265438,
    -0.37847694556897266,
    0.0,
    -0.805045122488093,
    -0.02937860081320498,
    0.8314785205847897,
    1.0
  ]
}