{
  "intrinsics": [
    534.4369710286458,
    0.0,
    0.0,
    0.0,
    534.4369710286458,
    0.0,
    315.261474609375,
    241.6495361328125,
    1.0
  ],
  "extrinsics": [
    0.10318739701768487,
    0.5878800313690777,
    0.8023398832534414,
    0.0,
    -0.9940230948469028,
    0.08985364199864307,
    0.06200296889363146,
    0.0,
    -0.03564284496877135,
    -0.8039423831673477,
    0.5936380628131271,
    0.0,
    0.26143022770042634,
    0.9588909777782788,
    0.2333260127426301,
    1.0
  ]
}