{
  "intrinsics": [
    534.4369710286458,
    0.0,
    0.0,
    0.0,
    534.4369710286458,
    0.0,
    315.2956136067708,
    241.67537434895831,
    1.0
  ],
  "extrinsics": [
    0.1266145002547707,
    0.6185567829579887,
    0.7754714613147359,
    0.0,
    -0.9916754186012654,
    0.09738933858356938,
    0.08423208737671117,
    0.0,
    -0.023420316659083295,
    -0.7796810702345085,
    0.6257384708393386,
    0.0,
    0.27363330005751374,
    0.9789148166162931,
    0.19286558331437098,
    1.0
  ]
}