{
  "intrinsics": [
    534.4369710286458,
    0.0,
    0.0,
    0.0,
    534.4369710286458,
    0.0,
    315.3046468098958,
    241.6961466471354,
    1.0
  ],
  "extrinsics": [
    0.14245604280535215,
    0.6177571512565782,
    0.7733576660073874,
    0.0,
    -0.9894399786372158,
    0.10997804990624875,
    0.09440908571120868,
    0.0,
    -0.026730479180445264,
    -0.7786402406366856,
    0.6269007236187466,
    0.0,
    0.29306164563727055,
    0.9700174951269718,
    0.1807770732920444,
    1.0
  ]
}