{
  "intrinsics": [
    534.4369710286458,
    0.0,
    0.0,
    0.0,
    534.4369710286458,
    0.0,
    315.29498291015625,
    241.69769287109375,
    1.0
  ],
  "extrinsics": [
    0.1583389016867785,
    0.6055001286990247,
    0.779934751679973,
    0.0,
    -0.9869319233336851,
    0.12097701429042856,
    0.1064423385076481,
    0.0,
    -0.0299032926261797,
    -0.7865964964309592,
    0.616742646248563,
    0.0,
    0.31774573346520674,
    0.9400616565608629,
    0.16873616022611748,
    1.0
  ]
}