{
  "intrinsics": [
    536.6964925130208,
    0.0,
    0.0,
    0.0,
    536.6964925130208,
    0.0,
    315.2526652018229,
    241.7032470703125,
    1.0
  ],
  "extrinsics": [
    0.1717236586688043,
    0.6128268606105053,
    0.7713325613655208,
    0.0,
    -0.9838329442964796,
    0.14707810561884757,
    0.10217895193050336,
    0.0,
    -0.05082813112157874,
    -0.7764090190574489,
    0.62817611282056,
    0.0,
    0.3612618342521774,
    0.9010459435832434,
    0.12994566131857765,
    1.0
  ]
}