{
  "intrinsics": [
    543.6256917317708,
    0.0,
    0.0,
    0.0,
    543.6256917317708,
    0.0,
    315.19535319010413,
    241.720458984375,
    1.0
  ],
  "extrinsics": [
    0.22868208957497538,
    0.6187860172036059,
    0.7515371501650596,
    0.0,
    -0.9690527128993351,
    0.21840929991731214,
    0.11503932427298806,
    0.0,
    -0.09295802053659664,
    -0.7545866489602338,
    0.6495827058480038,
    0.0,
    0.4404369482129651,
    0.8462077004256351,
    0.055372898023767214,
    1.0
  ]
}