{
  "intrinsics": [
    537.7509358723958,
    0.0,
    0.0,
    0.0,
    537.7509358723958,
    0.0,
    315.13576253255206,
    241.73164876302081,
    1.0
  ],
  "extrinsics": [
    0.26571562791471154,
    0.6149008521390968,
    0.7424902787378097,
    0.0,
    -0.9550784712709405,
    0.27273947081642474,
    0.11592274966381132,
    0.0,
    -0.13122543669023448,
    -0.739939085344093,
    0.6597497964938823,
    0.0,
    0.5019985072555193,
    0.7894366265208598,
    -0.008646780666924037,
    1.0
  ]
}