{
  "intrinsics": [
    537.6003011067708,
    0.0,
    0.0,
    0.0,
    537.6003011067708,
    0.0,
    315.1523030598958,
    241.7486572265625,
    1.0
  ],
  "extrinsics": [
    0.316611052233908,
    0.6200177200721343,
    0.7178685290963389,
    0.0,
    -0.9399362707805153,
    0.30686130298402664,
    0.1495186509429707,
    0.0,
    -0.12758188662008926,
    -0.7220899935114313,
    0.679932875205032,
    0.0,
    0.5334041177981947,
    0.7369797848928182,
    -0.08790377482472667,
    1.0
  ]
}