{
  "intrinsics": [
    537.6003011067708,
    0.0,
    0.0,
    0.0,
    537.6003011067708,
    0.0,
    315.12967936197913,
    241.745361328125,
    1.0
  ],
  "extrinsics": [
    0.36696799612200554,
    0.5940563685307171,
    0.7158430825640367,
    0.0,
    -0.9190715883437242,
    0.35038949191000096,
    0.1803729708226458,
    0.0,
    -0.14367220517676305,
    -0.7241022148601088,
    0.6745621200172581,
    0.0,
    0.550448619042804,
    0.6776784613270772,
    -0.13986418386461985,
    1.0
  ]
}