{
  "intrinsics": [
    537.7509358723958,
    0.0,
    0.0,
    0.0,
    537.7509358723958,
    0.0,
    315.1618448893229,
    241.77785237630206,
    1.0
  ],
  "extrinsics": [
    0.43505380614002503,
    0.602051242140832,
    0.6695238371727337,
    0.0,
    -0.8901246227451916,
    0.39961516353472576,
    0.219056117174652,
    0.0,
    -0.13566889787015446,
    -0.6912610010436617,
    0.7097547895169246,
    0.0,
    0.5341661419250099,
    0.6148955250019061,
    -0.2319426391051007,
    1.0
  ]
}