{
  "intrinsics": [
    534.7382405598958,
    0.0,
    0.0,
    0.0,
    534.7382405598958,
    0.0,
    315.02642822265625,
    241.53194173177081,
    1.0
  ],
  "extrinsics": [
    -0.6696530531404074,
    -0.2446742964435789,
    0.7012126961110835,
    0.0,
    -0.7426090331986704,
    0.20810496818389934,
    -0.6365721695058102,
    0.0,
    0.009827000369377016,
    -0.9470094278467069,
    -0.32105546724742595,
    0.0,
    -0.7835507453519812,
    0.030861236939289105,
    0.9025559622229722,
    1.0
  ]
}