{
  "intrinsics": [
    537.7509358723958,
    0.0,
    0.0,
    0.0,
    537.7509358723958,
    0.0,
    315.20694986979163,
    241.7972412109375,
    1.0
  ],
  "extrinsics": [
    0.494402550467628,
    0.5993683601906146,
    0.6295422419579382,
    0.0,
    -0.8612292438227696,
    0.4358267310537598,
    0.2614172677179625,
    0.0,
    -0.11768610396649166,
    -0.6714256617696046,
    0.7316674671658238,
    0.0,
    0.49186029296239164,
    0.5694540513226165,
    -0.31047745351137523,
    1.0
  ]
}