{
  "intrinsics": [
    537.9015706380208,
    0.0,
    0.0,
    0.0,
    537.9015706380208,
    0.0,
    315.2737630208333,
    241.80753580729166,
    1.0
  ],
  "extrinsics": [
    0.5599634538820655,
    0.5845036254048984,
    0.5871934545716142,
    0.0,
    -0.8241517065560758,
    0.4656204698960154,
    0.32244571440704733,
    0.0,
    -0.08493861469208307,
    -0.6644943175241217,
    0.742450222706998,
    0.0,
    0.42861000439893115,
    0.533262459531459,
    -0.3901981884297654,
    1.0
  ]
}