{
  "intrinsics": [
    537.9015706380208,
    0.0,
    0.0,
    0.0,
    537.9015706380208,
    0.0,
    315.31728108723956,
    241.83085123697916,
    1.0
  ],
  "extrinsics": [
    0.614530790999193,
    0.5768820383214017,
    0.5381066535512586,
    0.0,
    -0.7859010844569404,
    0.5070220112206358,
    0.3539603993198851,
    0.0,
    -0.06863854208500789,
    -0.640418267799507,
    0.7649529853855984,
    0.0,
    0.3780903058202618,
    0.4808681233437804,
    -0.452676634806493,
    1.0
  ]
}