{
  "intrinsics": [
    537.9015706380208,
    0.0,
    0.0,
    0.0,
    537.9015706380208,
    0.0,
    315.3490804036458,
    241.83784993489581,
    1.0
  ],
  "extrinsics": [
    0.6948273082425384,
    0.5295813529645116,
    0.4865782582258933,
    0.0,
    -0.7169214953363633,
    0.563582968301866,
    0.41036280166214945,
    0.0,
    -0.05690674897741328,
    -0.6339698190118589,
    0.7712611727173357,
    0.0,
    0.3390702694590191,
    0.42823580143017215,
    -0.5103621334533475,
    1.0
  ]
}