{
  "intrinsics": [
    537.9015706380208,
    0.0,
    0.0,
    0.0,
    537.9015706380208,
    0.0,
    315.3488566080729,
    241.83978271484375,
    1.0
  ],
  "extrinsics": [
    0.7511489409229772,
    0.4808174089536634,
    0.4523159623418506,
    0.0,
    -0.6572235130468583,
    0.6089552657573822,
    0.4441064804494936,
    0.0,
    -0.061906071763472736,
    -0.6308628528489839,
    0.7734207093446442,
    0.0,
    0.31495491198469017,
    0.3654641045253808,
    -0.5548061159511337,
    1.0
  ]
}