{
  "intrinsics": [
    537.7509358723958,
    0.0,
    0.0,
    0.0,
    537.7509358723958,
    0.0,
    315.38346354166663,
    241.84541829427081,
    1.0
  ],
  "extrinsics": [
    0.7975305541660291,
    0.4462590147142231,
    0.4059526595483515,
    0.0,
    -0.6014975815631673,
    0.6398755043925927,
    0.47828831890863577,
    0.0,
    -0.04631871896387311,
    -0.625629115241453,
    0.7787440824141121,
    0.0,
    0.28554620037043965,
    0.30294972431320155,
    -0.6070512143697371,
    1.0
  ]
}