{
  "intrinsics": [
    537.9015706380208,
    0.0,
    0.0,
    0.0,
    537.9015706380208,
    0.0,
    315.40981038411456,
    241.87198893229166,
    1.0
  ],
  "extrinsics": [
    0.8425920525177135,
    0.41125131362286454,
    0.34772251502849394,
    0.0,
    -0.5371254648628068,
    0.6886859811750876,
    0.48703968340318343,
    0.0,
    -0.039175901376502544,
    -0.5971463478705802,
    0.8011749535396241,
    0.0,
    0.258439611189485,
    0.2275207734137299,
    -0.6639133289794716,
    1.0
  ]
}