{
  "intrinsics": [
    537.7509358723958,
    0.0,
    0.0,
    0.0,
    537.7509358723958,
    0.0,
    315.4293009440104,
    241.88484700520831,
    1.0
  ],
  "extrinsics": [
    0.9019193947112706,
    0.33184495894383614,
    0.2764419680628186,
    0.0,
    -0.4304107755235365,
    0.743755843662419,
    0.5114425539447927,
    0.0,
    -0.035885708804918905,
    -0.5802636520844784,
    0.8136375098648373,
    0.0,
    0.20987792289523122,
    0.1665407886423904,
    -0.7149671911201207,
    1.0
  ]
}