{
  "intrinsics": [
    537.9015706380208,
    0.0,
    0.0,
    0.0,
    537.9015706380208,
    0.0,
    315.4327189127604,
    241.87111409505206,
    1.0
  ],
  "extrinsics": [
    0.9597741376462873,
    0.20199048070032263,
    0.1950211085102853,
    0.0,
    -0.27803452471059276,
    0.7805074634490977,
    0.5599148842388312,
    0.0,
    -0.039117981111435954,
    -0.5916144789984618,
    0.8052712678297037,
    0.0,
    0.13416702014464174,
    0.14263869075288094,
    -0.7496523037178084,
    1.0
  ]
}