{
  "intrinsics": [
    537.9015706380208,
    0.0,
    0.0,
    0.0,
    537.9015706380208,
    0.0,
    315.44256591796875,
    241.86098225911456,
    1.0
  ],
  "extrinsics": [
    0.9975007374953719,
    0.023825138443223363,
    0.0665179208779492,
    0.0,
    -0.05883668537173964,
    0.8013568057645277,
    0.5952859121191236,
    0.0,
    -0.03912181727629424,
    -0.5977118941267372,
    0.8007558163232515,
    0.0,
    0.015811096475965347,
    0.1359505982769731,
    -0.7637951512320196,
    1.0
  ]
}