{
  "intrinsics": [
    534.8888753255208,
    0.0,
    0.0,
    0.0,
    534.8888753255208,
    0.0,
    315.05023193359375,
    241.51163736979166,
    1.0
  ],
  "extrinsics": [
    -0.6213768386286861,
    -0.1920630836052548,
    0.7596069806706585,
    0.0,
    -0.7834862186020924,
    0.1444543155576086,
    -0.6043860357832538,
    0.0,
    0.00635174328802811,
    -0.9706930103856404,
    -0.24023932777631846,
    0.0,
    -0.7475540725236305,
    0.1271034117107834,
    0.9756846262876766,
    1.0
  ]
}