{
  "intrinsics": [
    537.7509358723958,
    0.0,
    0.0,
    0.0,
    537.7509358723958,
    0.0,
    315.45143636067706,
    241.8233642578125,
    1.0
  ],
  "extrinsics": [
    0.9859369107933095,
    -0.1475096542558306,
    -0.07854416801926223,
    0.0,
    0.16384035531288918,
    0.760569770799851,
    0.6282433553710834,
    0.0,
    -0.032933644746404866,
    -0.6322770034383152,
    0.774041859982827,
    0.0,
    -0.10948422131304958,
    0.18120672784295055,
    -0.7484854555534424,
    1.0
  ]
}