{
  "intrinsics": [
    537.7509358723958,
    0.0,
    0.0,
    0.0,
    537.7509358723958,
    0.0,
    315.48415120442706,
    241.7813720703125,
    1.0
  ],
  "extrinsics": [
    0.9281886970335793,
    -0.27951803491476357,
    -0.2456320591288971,
    0.0,
    0.3720254541475416,
    0.6830434185363308,
    0.6285287467810375,
    0.0,
    -0.00790774883400053,
    -0.6747748307661363,
    0.7379811709252615,
    0.0,
    -0.24279478196316262,
    0.2541095894471832,
    -0.7016785000348011,
    1.0
  ]
}