{
  "intrinsics": [
    537.7509358723958,
    0.0,
    0.0,
    0.0,
    537.7509358723958,
    0.0,
    315.4845987955729,
    241.74001057942706,
    1.0
  ],
  "extrinsics": [
    0.8257540620791576,
    -0.39436307746154026,
    -0.40324662442987447,
    0.0,
    0.5640297195884604,
    0.5782828388216493,
    0.5894567909915756,
    0.0,
    0.000730608868875439,
    -0.7141894847291311,
    0.6999520106499127,
    0.0,
    -0.3453607584042224,
    0.3487473343878644,
    -0.6231633989879095,
    1.0
  ]
}