{
  "intrinsics": [
    537.4496663411458,
    0.0,
    0.0,
    0.0,
    537.4496663411458,
    0.0,
    315.4539591471354,
    241.69716389973956,
    1.0
  ],
  "extrinsics": [
    0.7029726695705552,
    -0.46861711064125605,
    -0.5350020700213167,
    0.0,
    0.7112006556313102,
    0.45811530205233764,
    0.5332201682498805,
    0.0,
    -0.004783446214168478,
    -0.7553329696783472,
    0.6553234302945181,
    0.0,
    -0.4049156664215303,
    0.450395253077716,
    -0.5296508105982602,
    1.0
  ]
}