{
  "intrinsics": [
    537.6003011067708,
    0.0,
    0.0,
    0.0,
    537.6003011067708,
    0.0,
    315.38857014973956,
    241.6672159830729,
    1.0
  ],
  "extrinsics": [
    0.5670205811833011,
    -0.5294610119895989,
    -0.6309979759238845,
    0.0,
    0.8230832410073654,
    0.3344731966556895,
    0.4589786406073424,
    0.0,
    -0.03195943091891513,
    -0.779614303381094,
    0.625443746790758,
    0.0,
    -0.4071958824990176,
    0.5359886467590294,
    -0.4324676306547741,
    1.0
  ]
}