{
  "intrinsics": [
    537.6003011067708,
    0.0,
    0.0,
    0.0,
    537.6003011067708,
    0.0,
    315.3501790364583,
    241.65140787760416,
    1.0
  ],
  "extrinsics": [
    0.4345088099058479,
    -0.5652999543523091,
    -0.701168795176776,
    0.0,
    0.8994764192884347,
    0.2323348087470846,
    0.37008431489654703,
    0.0,
    -0.046302740144082845,
    -0.7914898016503168,
    0.6094255568672727,
    0.0,
    -0.3898961454099865,
    0.5973504655001143,
    -0.3471818542020175,
    1.0
  ]
}