{
  "intrinsics": [
    537.4496663411458,
    0.0,
    0.0,
    0.0,
    537.4496663411458,
    0.0,
    315.30426025390625,
    241.63909912109375,
    1.0
  ],
  "extrinsics": [
    0.31327055476304244,
    -0.5850651308122357,
    -0.7480375123036286,
    0.0,
    0.9473771018777309,
    0.13790370086604029,
    0.28889293042409514,
    0.0,
    -0.06586398810663686,
    -0.7991752215633319,
    0.5974785840686517,
    0.0,
    -0.34859426932247395,
    0.6516251983923106,
    -0.2652483642717144,
    1.0
  ]
}