{
  "intrinsics": [
    537.2990315755208,
    0.0,
    0.0,
    0.0,
    537.2990315755208,
    0.0,
    315.25111897786456,
    241.62249755859375,
    1.0
  ],
  "extrinsics": [
    0.22339488119860473,
    -0.5793873248104076,
    -0.7838397131776863,
    0.0,
    0.9707862440811315,
    0.060004545971665546,
    0.23232141361963865,
    0.0,
    -0.08757017448440609,
    -0.8128403675765861,
    0.5758660244070811,
    0.0,
    -0.2909406160453689,
    0.6893850317376247,
    -0.2013459436757319,
    1.0
  ]
}