{
  "intrinsics": [
    537.2990315755208,
    0.0,
    0.0,
    0.0,
    537.2990315755208,
    0.0,
    315.1986897786458,
    241.6068115234375,
    1.0
  ],
  "extrinsics": [
    0.15989842620507028,
    -0.5621162246972862,
    -0.811453903780336,
    0.0,
    0.9810785556722984,
    -0.00041277736661430984,
    0.1936090604311036,
    0.0,
    -0.10916585128977072,
    -0.8270578912462269,
    0.5514143244043486,
    0.0,
    -0.23388734284073376,
    0.7149067402204796,
    -0.14889383179062127,
    1.0
  ]
}