{
  "intrinsics": [
    537.2990315755208,
    0.0,
    0.0,
    0.0,
    537.2990315755208,
    0.0,
    315.18446858723956,
    241.59440104166666,
    1.0
  ],
  "extrinsics": [
    0.11929324690723682,
    -0.5399339387716448,
    -0.8332107611530731,
    0.0,
    0.9867440350717508,
    -0.028521749403752947,
    0.15975767527242005,
    0.0,
    -0.1100232756842299,
    -0.8412238664843125,
    0.5293742115959185,
    0.0,
    -0.19645861751516458,
    0.7162472150190343,
    -0.11845714625280124,
    1.0
  ]
}