{
  "intrinsics": [
    535.0395100911458,
    0.0,
    0.0,
    0.0,
    535.0395100911458,
    0.0,
    315.07118733723956,
    241.49627685546875,
    1.0
  ],
  "extrinsics": [
    -0.5785467167859483,
    -0.1284125742234541,
    0.8054773450352873,
    0.0,
    -0.8156485684447939,
    0.0899471697405855,
    -0.5715127288207328,
    0.0,
    0.0009390118453689973,
    -0.9876334360719552,
    -0.15677819863153694,
    0.0,
    -0.706531637519775,
    0.23698833441637576,
    1.0324649739003737,
    1.0
  ]
}