{
  "intrinsics": [
    537.2990315755208,
    0.0,
    0.0,
    0.0,
    537.2990315755208,
    0.0,
    315.19342041015625,
    241.5818888346354,
    1.0
  ],
  "extrinsics": [
    0.07207804260963863,
    -0.512358715096519,
    -0.8557412296973206,
    0.0,
    0.9927239438005364,
    -0.04611982807518804,
    0.11122922381748505,
    0.0,
    -0.0964559088055572,
    -0.8575321108882524,
    0.5053066105098215,
    0.0,
    -0.17452250157307603,
    0.7159025028255976,
    -0.07739568214340012,
    1.0
  ]
}