{
  "intrinsics": [
    537.2990315755208,
    0.0,
    0.0,
    0.0,
    537.2990315755208,
    0.0,
    315.2261759440104,
    241.57314046223956,
    1.0
  ],
  "extrinsics": [
    0.015251617080857581,
    -0.4896325911616898,
    -0.8717953605614042,
    0.0,
    0.9974124006789356,
    -0.053812311249035696,
    0.04767215770762102,
    0.0,
    -0.07025519424009928,
    -0.8702666123850648,
    0.48754487535279856,
    0.0,
    -0.17102645673461314,
    0.7117849951425697,
    -0.029561188678201844,
    1.0
  ]
}