{
  "intrinsics": [
    537.1483968098958,
    0.0,
    0.0,
    0.0,
    537.1483968098958,
    0.0,
    315.2477620442708,
    241.5590616861979,
    1.0
  ],
  "extrinsics": [
    -0.0368164411021905,
    -0.45300640366150463,
    -0.8907466439782804,
    0.0,
    0.998186996135449,
    -0.059142273585454916,
    -0.011179137198889176,
    0.0,
    -0.047616558858728425,
    -0.8895432833339824,
    0.4543624557119878,
    0.0,
    -0.1771441961392881,
    0.7072238544268108,
    0.032386833797533376,
    1.0
  ]
}