{
  "intrinsics": [
    537.1483968098958,
    0.0,
    0.0,
    0.0,
    537.1483968098958,
    0.0,
    315.24464925130206,
    241.54801432291666,
    1.0
  ],
  "extrinsics": [
    -0.09339912512876347,
    -0.42146418252348544,
    -0.9020222766878144,
    0.0,
    0.9948291626252748,
    -0.07580439271766869,
    -0.06758959894041511,
    0.0,
    -0.03989066921270459,
    -0.9036710645223851,
    0.42636500394500587,
    0.0,
    -0.18275146272802623,
    0.7073113582734525,
    0.08151413762614035,
    1.0
  ]
}