{
  "intrinsics": [
    537.1483968098958,
    0.0,
    0.0,
    0.0,
    537.1483968098958,
    0.0,
    315.2659708658854,
    241.54007975260416,
    1.0
  ],
  "extrinsics": [
    -0.1576485423071598,
    -0.394486349765136,
    -0.9052774743438763,
    0.0,
    0.987345302075522,
    -0.07894180019663466,
    -0.13754032502638242,
    0.0,
    -0.017206458247902026,
    -0.9155045409659478,
    0.40193928832290704,
    0.0,
    -0.18546905376674738,
    0.7052493359207186,
    0.1349298604517093,
    1.0
  ]
}