{
  "intrinsics": [
    537.2990315755208,
    0.0,
    0.0,
    0.0,
    537.2990315755208,
    0.0,
    315.26627604166663,
    241.53924560546875,
    1.0
  ],
  "extrinsics": [
    -0.19105686199649763,
    -0.38311078732466647,
    -0.9037274801690752,
    0.0,
    0.9815260127593016,
    -0.08412829211496446,
    -0.17184032898822466,
    0.0,
    -0.010195180762062295,
    -0.9198632723069621,
    0.39210644469599404,
    0.0,
    -0.18700583210234623,
    0.7044517161404886,
    0.16642026836225932,
    1.0
  ]
}