{
  "intrinsics": [
    537.2990315755208,
    0.0,
    0.0,
    0.0,
    537.2990315755208,
    0.0,
    315.25565592447913,
    241.5469970703125,
    1.0
  ],
  "extrinsics": [
    -0.21347451966666744,
    -0.3878679264226518,
    -0.8966531044716427,
    0.0,
    0.9768894397231052,
    -0.09483710537920025,
    -0.1915531970178946,
    0.0,
    -0.010738692027430984,
    -0.9168228182296394,
    0.39914950632548823,
    0.0,
    -0.18195916858611705,
    0.712441469396832,
    0.17682986266351142,
    1.0
  ]
}