{
  "intrinsics": [
    537.1483968098958,
    0.0,
    0.0,
    0.0,
    537.1483968098958,
    0.0,
    315.2566731770833,
    241.55910237630206,
    1.0
  ],
  "extrinsics": [
    -0.22977347297623826,
    -0.40556790810628257,
    -0.8847138190828601,
    0.0,
    0.9731798563193803,
    -0.10617922414321172,
    -0.2040751385093381,
    0.0,
    -0.011171917447906524,
    -0.9078768694247258,
    0.4190877339035007,
    0.0,
    -0.17821020081911598,
    0.7229859629071108,
    0.17512107248694675,
    1.0
  ]
}