{
  "intrinsics": [
    537.2990315755208,
    0.0,
    0.0,
    0.0,
    537.2990315755208,
    0.0,
    315.2505900065104,
    241.57218424479166,
    1.0
  ],
  "extrinsics": [
    -0.2406317167384486,
    -0.41563973792317715,
    -0.8771202241845022,
    0.0,
    0.9705650249668002,
    -0.11234118973351546,
    -0.21303266027789536,
    0.0,
    -0.009991900265525235,
    -0.9025647018451015,
    0.4304382606957171,
    0.0,
    -0.17482527466834474,
    0.7242607825791044,
    0.16578515818730177,
    1.0
  ]
}