{
  "intrinsics": [
    537.2990315755208,
    0.0,
    0.0,
    0.0,
    537.2990315755208,
    0.0,
    315.25140380859375,
    241.5792236328125,
    1.0
  ],
  "extrinsics": [
    -0.24258195380504924,
    -0.42107932552599037,
    -0.8739827073877665,
    0.0,
    0.9700904196776777,
    -0.113507568706094,
    -0.21457021023439846,
    0.0,
    -0.008852571222205981,
    -0.899893314968002,
    0.4360199550804524,
    0.0,
    -0.16625732290905315,
    0.718757943558581,
    0.14835797144356588,
    1.0
  ]
}