{
  "intrinsics": [
    535.1901448567708,
    0.0,
    0.0,
    0.0,
    535.1901448567708,
    0.0,
    315.0992431640625,
    241.48836263020831,
    1.0
  ],
  "extrinsics": [
    -0.5422905901849028,
    -0.06698675988386932,
    0.8375162591099313,
    0.0,
    -0.8401908242519389,
    0.042904459763072396,
    -0.5405907924716459,
    0.0,
    0.0002792443792339066,
    -0.9968308785261534,
    -0.07954835262157044,
    0.0,
    -0.6694731871234323,
    0.34223523729625815,
    1.068482341358199,
    1.0
  ]
}