{
  "intrinsics": [
    537.2990315755208,
    0.0,
    0.0,
    0.0,
    537.2990315755208,
    0.0,
    315.23675537109375,
    241.58424886067706,
    1.0
  ],
  "extrinsics": [
    -0.23691712932879175,
    -0.4304366070041278,
    -0.8709732953618999,
    0.0,
    0.9714246552901369,
    -0.11814431855606461,
    -0.20585419319173862,
    0.0,
    -0.014293356732729131,
    -0.8948553619662363,
    0.44612711814814543,
    0.0,
    -0.14938616170722874,
    0.7111551142122776,
    0.11540007182725454,
    1.0
  ]
}