{
  "intrinsics": [
    537.2990315755208,
    0.0,
    0.0,
    0.0,
    537.2990315755208,
    0.0,
    315.22674560546875,
    241.59737141927081,
    1.0
  ],
  "extrinsics": [
    -0.2627506245807419,
    -0.45542654552153305,
    -0.8506165804353203,
    0.0,
    0.964595705881508,
    -0.14476123614800854,
    -0.22045195759066497,
    0.0,
    -0.022736636571877786,
    -0.8784250941172437,
    0.4773386196193205,
    0.0,
    -0.10643839437940983,
    0.7103368243900047,
    0.06713906981565088,
    1.0
  ]
}