{
  "intrinsics": [
    537.2990315755208,
    0.0,
    0.0,
    0.0,
    537.2990315755208,
    0.0,
    315.2356974283854,
    241.60854085286456,
    1.0
  ],
  "extrinsics": [
    -0.297530459940776,
    -0.46876083333034907,
    -0.8317083247751488,
    0.0,
    0.9544038372747835,
    -0.1681832974613187,
    -0.24663265241158097,
    0.0,
    -0.024267709644644333,
    -0.8671663973606971,
    0.4974267888325229,
    0.0,
    -0.06231963316235234,
    0.7015148522229672,
    0.021615713345655374,
    1.0
  ]
}