{
  "intrinsics": [
    539.5585530598958,
    0.0,
    0.0,
    0.0,
    539.5585530598958,
    0.0,
    315.21295166015625,
    241.60321044921875,
    1.0
  ],
  "extrinsics": [
    -0.2609647631268558,
    -0.4552329140297146,
    -0.8512697564485329,
    0.0,
    0.9642808455973283,
    -0.16438501473204592,
    -0.20770131133542744,
    0.0,
    -0.04538352348515141,
    -0.8750659256658514,
    0.4818710867709848,
    0.0,
    -0.036238302723267335,
    0.6801787510498397,
    -0.013690747471436504,
    1.0
  ]
}