{
  "intrinsics": [
    539.5585530598958,
    0.0,
    0.0,
    0.0,
    539.5585530598958,
    0.0,
    315.16969807942706,
    241.58754475911456,
    1.0
  ],
  "extrinsics": [
    -0.2104255645400324,
    -0.42812395945186615,
    -0.8788804600138589,
    0.0,
    0.9756158781442054,
    -0.14935280451111338,
    -0.160833054983399,
    0.0,
    -0.06240678972337483,
    -0.8912930837627395,
    0.4491121673736406,
    0.0,
    -0.02116491751085059,
    0.6549575232751943,
    -0.03652152321104296,
    1.0
  ]
}