{
  "intrinsics": [
    541.5168050130208,
    0.0,
    0.0,
    0.0,
    541.5168050130208,
    0.0,
    315.126953125,
    241.548095703125,
    1.0
  ],
  "extrinsics": [
    -0.1662898090517475,
    -0.3402254628050786,
    -0.9255237411681618,
    0.0,
    0.983875487474584,
    -0.11992820417062289,
    -0.13268790422728036,
    0.0,
    -0.06585259982984959,
    -0.9326648299487693,
    0.3546823693713833,
    0.0,
    -0.021751297601457775,
    0.6197231813140223,
    -0.024163551561696583,
    1.0
  ]
}