{
  "intrinsics": [
    537.7509358723958,
    0.0,
    0.0,
    0.0,
    537.7509358723958,
    0.0,
    315.08170572916663,
    241.52482096354166,
    1.0
  ],
  "extrinsics": [
    -0.1362967606249038,
    -0.2711865060362513,
    -0.9528278196906497,
    0.0,
    0.9876439173664875,
    -0.1122892365550459,
    -0.10931817077323261,
    0.0,
    -0.07734671151403381,
    -0.9559543642677522,
    0.28314040843952637,
    0.0,
    -0.03476086304270343,
    0.5817022048417462,
    -0.021264811341135337,
    1.0
  ]
}