{
  "intrinsics": [
    536.9977620442708,
    0.0,
    0.0,
    0.0,
    536.9977620442708,
    0.0,
    314.99222819010413,
    241.49981689453125,
    1.0
  ],
  "extrinsics": [
    -0.12250536889626623,
    -0.15871582280598823,
    -0.9796945569291161,
    0.0,
    0.986785700797356,
    -0.12495682130150251,
    -0.10314838616246162,
    0.0,
    -0.10604825276984174,
    -0.9793848994575151,
    0.17192637819036397,
    0.0,
    -0.05874841136569575,
    0.528453400255373,
    0.0034445438527912486,
    1.0
  ]
}