{
  "intrinsics": [
    536.6964925130208,
    0.0,
    0.0,
    0.0,
    536.6964925130208,
    0.0,
    314.8992919921875,
    241.48299153645831,
    1.0
  ],
  "extrinsics": [
    -0.13646604937060325,
    0.025823236910256737,
    -0.9903080186972351,
    0.0,
    0.9832538994658059,
    -0.118351968480416,
    -0.13858008399867663,
    0.0,
    -0.12078350096670465,
    -0.9926357750360568,
    -0.00923977091924198,
    0.0,
    -0.09969024038693197,
    0.44947510232839183,
    0.03689364433935083,
    1.0
  ]
}