{
  "intrinsics": [
    536.3952229817708,
    0.0,
    0.0,
    0.0,
    536.3952229817708,
    0.0,
    314.8600667317708,
    241.4925537109375,
    1.0
  ],
  "extrinsics": [
    -0.13045813363682898,
    0.18905621516734822,
    -0.9732616373493015,
    0.0,
    0.9856467305126978,
    -0.08135899710559127,
    -0.1479223176762129,
    0.0,
    -0.1071492561243503,
    -0.9785898674990393,
    -0.17572873006687265,
    0.0,
    -0.1518792790078436,
    0.3779435547221606,
    0.02900262186620406,
    1.0
  ]
}