{
  "intrinsics": [
    535.1901448567708,
    0.0,
    0.0,
    0.0,
    535.1901448567708,
    0.0,
    315.12284342447913,
    241.48579915364581,
    1.0
  ],
  "extrinsics": [
    -0.5178819469719302,
    -0.006596793847187931,
    0.855426654652493,
    0.0,
    -0.85545135275792,
    0.005282611198395806,
    -0.5178562128898276,
    0.0,
    -0.0011026958231528075,
    -0.9999643378443706,
    -0.008379005626570757,
    0.0,
    -0.6412284256600245,
    0.4459233141384118,
    1.0809079714051806,
    1.0
  ]
}