{
  "intrinsics": [
    536.3952229817708,
    0.0,
    0.0,
    0.0,
    536.3952229817708,
    0.0,
    314.849609375,
    241.52099609375,
    1.0
  ],
  "extrinsics": [
    -0.1428430898744627,
    0.32554124835825266,
    -0.934675660385398,
    0.0,
    0.9863148874318387,
    -0.03173588245197586,
    -0.1617883856034487,
    0.0,
    -0.08233156165340728,
    -0.9449949490136055,
    -0.31655295385092613,
    0.0,
    -0.19975197712130788,
    0.32799515557991205,
    0.009776607062472076,
    1.0
  ]
}