{
  "intrinsics": [
    536.2445882161458,
    0.0,
    0.0,
    0.0,
    536.2445882161458,
    0.0,
    314.87015787760413,
    241.55655924479166,
    1.0
  ],
  "extrinsics": [
    -0.1277588181268848,
    0.42367877611116533,
    -0.8967573623453947,
    0.0,
    0.9907045194216534,
    0.011930284966412965,
    -0.13550667577174993,
    0.0,
    -0.046712747571905064,
    -0.9057338073315896,
    -0.42126475749748316,
    0.0,
    -0.23051316454511195,
    0.29660553983053245,
    -0.019835571893472626,
    1.0
  ]
}