{
  "intrinsics": [
    536.0939534505208,
    0.0,
    0.0,
    0.0,
    536.0939534505208,
    0.0,
    314.8518880208333,
    241.58327229817706,
    1.0
  ],
  "extrinsics": [
    -0.11999804673894345,
    0.48446357576898763,
    -0.8665421070818372,
    0.0,
    0.9918089204507231,
    0.020020437029426224,
    -0.1261517810746643,
    0.0,
    -0.04376742795262635,
    -0.874582259662879,
    -0.4828977251797235,
    0.0,
    -0.23853459891286555,
    0.2825123524761272,
    -0.04444044397126323,
    1.0
  ]
}