{
  "intrinsics": [
    535.9433186848958,
    0.0,
    0.0,
    0.0,
    535.9433186848958,
    0.0,
    314.8192952473958,
    241.6176554361979,
    1.0
  ],
  "extrinsics": [
    -0.10168400140343081,
    0.5511578196785861,
    -0.8281818721703519,
    0.0,
    0.9937038555630162,
    0.016905843803966644,
    -0.11075578083440699,
    0.0,
    -0.04704279627417239,
    -0.8342296201887573,
    -0.5494066780077503,
    0.0,
    -0.22709099758514917,
    0.27796265337807674,
    -0.06846564657839416,
    1.0
  ]
}