{
  "intrinsics": [
    535.7926839192708,
    0.0,
    0.0,
    0.0,
    535.7926839192708,
    0.0,
    314.8368937174479,
    241.650634765625,
    1.0
  ],
  "extrinsics": [
    -0.0663968210145951,
    0.6034645692817825,
    -0.7946204040157713,
    0.0,
    0.9975384997922494,
    0.02215578840969711,
    -0.06652632195317346,
    0.0,
    -0.022540852935140847,
    -0.7970817607891412,
    -0.6034502553279181,
    0.0,
    -0.19561169865807937,
    0.2747338814474376,
    -0.10389031634124035,
    1.0
  ]
}