{
  "intrinsics": [
    535.7926839192708,
    0.0,
    0.0,
    0.0,
    535.7926839192708,
    0.0,
    314.83880615234375,
    241.69561767578125,
    1.0
  ],
  "extrinsics": [
    -0.02942344097058932,
    0.6661021173039471,
    -0.7452798767523119,
    0.0,
    0.9995403801115913,
    0.014152011057178256,
    -0.026813028100499813,
    0.0,
    -0.007313044331941208,
    -0.7457262343338682,
    -0.6662123250165727,
    0.0,
    -0.14688397068354453,
    0.28427243072140795,
    -0.1337852847320527,
    1.0
  ]
}