{
  "intrinsics": [
    535.7926839192708,
    0.0,
    0.0,
    0.0,
    535.7926839192708,
    0.0,
    314.83964029947913,
    241.7288818359375,
    1.0
  ],
  "extrinsics": [
    0.022090333686789126,
    0.7041609944877005,
    -0.7096965360350063,
    0.0,
    0.9997472000354428,
    -0.012587058804951064,
    0.01862967905663078,
    0.0,
    0.00418529090391921,
    -0.7099286101009105,
    -0.7042610340704494,
    0.0,
    -0.09286184892756433,
    0.30099305286673345,
    -0.1634851690649191,
    1.0
  ]
}