{
  "intrinsics": [
    535.7926839192708,
    0.0,
    0.0,
    0.0,
    535.7926839192708,
    0.0,
    314.84991455078125,
    241.74808756510416,
    1.0
  ],
  "extrinsics": [
    0.06315320635827576,
    0.722958479414335,
    -0.6879990102513572,
    0.0,
    0.9978884755232633,
    -0.03526185842603605,
    0.05454505514392218,
    0.0,
    0.015173684969739917,
    -0.6899909203756829,
    -0.7236587521414715,
    0.0,
    -0.04710740869221208,
    0.31600630350304126,
    -0.18466999664929573,
    1.0
  ]
}