{
  "intrinsics": [
    535.6420491536458,
    0.0,
    0.0,
    0.0,
    535.6420491536458,
    0.0,
    314.8624267578125,
    241.77760823567706,
    1.0
  ],
  "extrinsics": [
    0.09531821238146548,
    0.751646364420613,
    -0.6526422258052318,
    0.0,
    0.9949947381538448,
    -0.05218612330797186,
    0.08521614356240625,
    0.0,
    0.02999359690379206,
    -0.6574982982677979,
    -0.7528585733730203,
    0.0,
    -0.019784007863854924,
    0.3404433129158771,
    -0.19877381489024967,
    1.0
  ]
}