{
  "intrinsics": [
    535.6420491536458,
    0.0,
    0.0,
    0.0,
    535.6420491536458,
    0.0,
    314.89064534505206,
    241.79677327473956,
    1.0
  ],
  "extrinsics": [
    0.12290602908034998,
    0.7681054432518999,
    -0.6284168394508994,
    0.0,
    0.9915574494140761,
    -0.06867720513159975,
    0.10998587917445558,
    0.0,
    0.04132280917795737,
    -0.6366294531128397,
    -0.7700616681172069,
    0.0,
    -0.005585837317644504,
    0.37011463959799673,
    -0.22491648629791833,
    1.0
  ]
}