{
  "intrinsics": [
    535.1901448567708,
    0.0,
    0.0,
    0.0,
    535.1901448567708,
    0.0,
    315.1476643880208,
    241.48708089192706,
    1.0
  ],
  "extrinsics": [
    -0.5012271607782617,
    0.03097127271288684,
    0.8647613452332296,
    0.0,
    -0.8653085820018886,
    -0.022032449986214783,
    -0.5007551858895124,
    0.0,
    0.003543785038006856,
    -0.999277416491668,
    0.037842965341251845,
    0.0,
    -0.617657834994966,
    0.5175118047529104,
    1.079496290734812,
    1.0
  ]
}