{
  "intrinsics": [
    535.6420491536458,
    0.0,
    0.0,
    0.0,
    535.6420491536458,
    0.0,
    314.9031575520833,
    241.79897054036456,
    1.0
  ],
  "extrinsics": [
    0.15450593007844113,
    0.7710857709458345,
    -0.6177009424942501,
    0.0,
    0.9877138564955705,
    -0.10572356169388004,
    0.11508107082371888,
    0.0,
    0.023431807604649964,
    -0.6278925287348326,
    -0.7779470576188308,
    0.0,
    0.00018603269704886571,
    0.40886759864375677,
    -0.26172868486567546,
    1.0
  ]
}