{
  "intrinsics": [
    537.9015706380208,
    0.0,
    0.0,
    0.0,
    537.9015706380208,
    0.0,
    314.84259033203125,
    241.79923502604166,
    1.0
  ],
  "extrinsics": [
    0.16455866721858714,
    0.7674171874157188,
    -0.6196701770938638,
    0.0,
    0.9863416018637791,
    -0.13255910930056256,
    0.0977663218305307,
    0.0,
    -0.0071153744723049545,
    -0.6272947904450734,
    -0.7787492933105166,
    0.0,
    -0.003268924752989566,
    0.4537970515706094,
    -0.3034400982955468,
    1.0
  ]
}