{
  "intrinsics": [
    535.6420491536458,
    0.0,
    0.0,
    0.0,
    535.6420491536458,
    0.0,
    314.83209228515625,
    241.80714925130206,
    1.0
  ],
  "extrinsics": [
    0.17578821648404472,
    0.7554833294696948,
    -0.6311443510278473,
    0.0,
    0.984407711917337,
    -0.13901533769346835,
    0.10777788724110784,
    0.0,
    -0.006314367805866439,
    -0.6402494652216678,
    -0.768140772066201,
    0.0,
    -4.612152089578103e-05,
    0.48441141000121146,
    -0.3474397889184052,
    1.0
  ]
}