{
  "intrinsics": [
    526.4533284505208,
    0.0,
    0.0,
    0.0,
    526.4533284505208,
    0.0,
    314.82609049479163,
    241.83251953125,
    1.0
  ],
  "extrinsics": [
    0.1663065375794296,
    0.7718767907602253,
    -0.6136352338023279,
    0.0,
    0.9860666050366785,
    -0.12776527996227607,
    0.10652964030043378,
    0.0,
    0.003826485502650074,
    -0.6228019306304017,
    -0.7823701339186225,
    0.0,
    -0.0012325521397240635,
    0.5197438453526528,
    -0.371847676104432,
    1.0
  ]
}