{
  "intrinsics": [
    531.1230061848958,
    0.0,
    0.0,
    0.0,
    531.1230061848958,
    0.0,
    314.82143147786456,
    241.85188802083331,
    1.0
  ],
  "extrinsics": [
    0.1961572411431908,
    0.784805041390944,
    -0.5878803032503461,
    0.0,
    0.9805613413181816,
    -0.15413855621982947,
    0.1214116982072202,
    0.0,
    0.0046695296992266795,
    -0.600268548012596,
    -0.7997848201512348,
    0.0,
    0.030086281380856228,
    0.5595826291164969,
    -0.39604120309880614,
    1.0
  ]
}