{
  "intrinsics": [
    531.5749104817708,
    0.0,
    0.0,
    0.0,
    531.5749104817708,
    0.0,
    314.84010823567706,
    241.86075846354166,
    1.0
  ],
  "extrinsics": [
    0.2455174677382756,
    0.7820645652142431,
    -0.5727966767166496,
    0.0,
    0.9692478850604426,
    -0.18785355058690298,
    0.15896324350443564,
    0.0,
    0.016717632329230667,
    -0.5942103044687885,
    -0.8041357980282589,
    0.0,
    0.09226033662690503,
    0.594620104866753,
    -0.43295466837455904,
    1.0
  ]
}