{
  "intrinsics": [
    531.8761800130208,
    0.0,
    0.0,
    0.0,
    531.8761800130208,
    0.0,
    314.914794921875,
    241.8226318359375,
    1.0
  ],
  "extrinsics": [
    0.3538904506337652,
    0.7296141185828887,
    -0.5851706246579821,
    0.0,
    0.9338944953399165,
    -0.24153095854500467,
    0.26363589978758745,
    0.0,
    0.051015708188047015,
    -0.6397858154413942,
    -0.7668580863556779,
    0.0,
    0.2253432421587851,
    0.6053871188326518,
    -0.5049240849778158,
    1.0
  ]
}