{
  "intrinsics": [
    531.8761800130208,
    0.0,
    0.0,
    0.0,
    531.8761800130208,
    0.0,
    314.9191691080729,
    241.79813639322916,
    1.0
  ],
  "extrinsics": [
    0.4743360403117101,
    0.6688154638189884,
    -0.5724428873262645,
    0.0,
    0.8791282458373503,
    -0.32570772578101026,
    0.3479189811861705,
    0.0,
    0.04624453993511522,
    -0.6682813844721112,
    -0.7424696388374893,
    0.0,
    0.39787552777371404,
    0.6156655557711499,
    -0.543869038161992,
    1.0
  ]
}