{
  "intrinsics": [
    531.7255452473958,
    0.0,
    0.0,
    0.0,
    531.7255452473958,
    0.0,
    314.88897705078125,
    241.77766927083331,
    1.0
  ],
  "extrinsics": [
    0.5974132296014312,
    0.5904400178505856,
    -0.5426579603744622,
    0.0,
    0.8016125795816631,
    -0.4205454323356974,
    0.4249216928531219,
    0.0,
    0.022678463284926387,
    -0.688855419102348,
    -0.724543702906926,
    0.0,
    0.5822077464608428,
    0.6061977877044172,
    -0.5552049715580006,
    1.0
  ]
}