{
  "intrinsics": [
    531.7255452473958,
    0.0,
    0.0,
    0.0,
    531.7255452473958,
    0.0,
    314.91835530598956,
    241.75649007161456,
    1.0
  ],
  "extrinsics": [
    0.6845916872529324,
    0.5258503964042591,
    -0.5047924036239985,
    0.0,
    0.7282082834984824,
    -0.4626420623853891,
    0.5056428954158873,
    0.0,
    0.03235432464349295,
    -0.7137530370242513,
    -0.6996495728755675,
    0.0,
    0.7320460626886609,
    0.5831099651015083,
    -0.5534943337462221,
    1.0
  ]
}