{
  "intrinsics": [
    535.1901448567708,
    0.0,
    0.0,
    0.0,
    535.1901448567708,
    0.0,
    315.1568400065104,
    241.48848470052081,
    1.0
  ],
  "extrinsics": [
    -0.49988574644321176,
    0.050444788086808225,
    0.8646212045205571,
    0.0,
    -0.8660685723437169,
    -0.036381390556625204,
    -0.49859990653745434,
    0.0,
    0.006304355228378458,
    -0.9980641077481384,
    0.061875179178019386,
    0.0,
    -0.6065406701233531,
    0.561505034509782,
    1.0631676913358028,
    1.0
  ]
}