{
  "intrinsics": [
    531.8761800130208,
    0.0,
    0.0,
    0.0,
    531.8761800130208,
    0.0,
    314.94586181640625,
    241.7209269205729,
    1.0
  ],
  "extrinsics": [
    0.7299970144233332,
    0.4692390358155582,
    -0.49690922236098806,
    0.0,
    0.682365452206977,
    -0.4594550143883982,
    0.5685755351634422,
    0.0,
    0.038490400332346034,
    -0.7541322360531295,
    -0.6555934275159029,
    0.0,
    0.8350281186748238,
    0.5524679045180494,
    -0.5777065232731937,
    1.0
  ]
}