{
  "intrinsics": [
    531.8761800130208,
    0.0,
    0.0,
    0.0,
    531.8761800130208,
    0.0,
    314.9349365234375,
    241.72115071614581,
    1.0
  ],
  "extrinsics": [
    0.7617497730158648,
    0.4440483806163054,
    -0.4717604812597572,
    0.0,
    0.6471124140782236,
    -0.4862598696731143,
    0.5871937470704929,
    0.0,
    0.03134423305791819,
    -0.7525768687701222,
    -0.657757749390637,
    0.0,
    0.9285547824938905,
    0.5550438500006536,
    -0.5876181940058773,
    1.0
  ]
}