{
  "intrinsics": [
    531.8761800130208,
    0.0,
    0.0,
    0.0,
    531.8761800130208,
    0.0,
    314.8694864908854,
    241.7228800455729,
    1.0
  ],
  "extrinsics": [
    0.7808805764892247,
    0.41319732148925964,
    -0.46850100741042283,
    0.0,
    0.6246572478396993,
    -0.5229145379717522,
    0.5799684399495393,
    0.0,
    -0.0053445755359272035,
    -0.7455387839256136,
    -0.6664405657293863,
    0.0,
    1.012823412590791,
    0.5529517457848172,
    -0.6252574397694337,
    1.0
  ]
}