{
  "intrinsics": [
    539.1066487630208,
    0.0,
    0.0,
    0.0,
    539.1066487630208,
    0.0,
    314.8658447265625,
    241.70894368489581,
    1.0
  ],
  "extrinsics": [
    0.7970075554777144,
    0.3900023369794319,
    -0.4611691558470552,
    0.0,
    0.603909470447998,
    -0.5253401384482498,
    0.5994255410297621,
    0.0,
    -0.008493309052314752,
    -0.7562511822793667,
    -0.6542261837920773,
    0.0,
    1.1043592904494466,
    0.5580605938521739,
    -0.660095302386762,
    1.0
  ]
}