{
  "intrinsics": [
    535.4914143880208,
    0.0,
    0.0,
    0.0,
    535.4914143880208,
    0.0,
    314.86735026041663,
    241.692138671875,
    1.0
  ],
  "extrinsics": [
    0.8135443924226852,
    0.3582595748798445,
    -0.458034201090139,
    0.0,
    0.5813381659780662,
    -0.519808213854891,
    0.6259752772475179,
    0.0,
    -0.013828304635058368,
    -0.775531513166606,
    -0.631157052526802,
    0.0,
    1.1894442215818546,
    0.5448681061987029,
    -0.6921293666100354,
    1.0
  ]
}