{
  "intrinsics": [
    535.0395100911458,
    0.0,
    0.0,
    0.0,
    535.0395100911458,
    0.0,
    314.8439534505208,
    241.70045979817706,
    1.0
  ],
  "extrinsics": [
    0.8439724039609301,
    0.32836031582758446,
    -0.4241340876329775,
    0.0,
    0.5357242712448574,
    -0.5552909475380348,
    0.6361219325276242,
    0.0,
    -0.026640629929644253,
    -0.7640884498129902,
    -0.6445609077547526,
    0.0,
    1.2923990126540459,
    0.5194498992133909,
    -0.6703471257440856,
    1.0
  ]
}