{
  "intrinsics": [
    535.0395100911458,
    0.0,
    0.0,
    0.0,
    535.0395100911458,
    0.0,
    314.80426025390625,
    241.70497639973956,
    1.0
  ],
  "extrinsics": [
    0.8781068890710363,
    0.2774182685019828,
    -0.3898295317989344,
    0.0,
    0.47588710210019036,
    -0.5908415145365749,
    0.6514886247454649,
    0.0,
    -0.04959263736611135,
    -0.7575915887465751,
    -0.6508418806995969,
    0.0,
    1.4083213828893966,
    0.4423596712733031,
    -0.6406943049096236,
    1.0
  ]
}