{
  "intrinsics": [
    535.3407796223958,
    0.0,
    0.0,
    0.0,
    535.3407796223958,
    0.0,
    314.7236328125,
    241.64320882161456,
    1.0
  ],
  "extrinsics": [
    0.9039646673250672,
    0.14536109523141472,
    -0.4021413878697155,
    0.0,
    0.41147435995139714,
    -0.5515840398565516,
    0.7255643487191267,
    0.0,
    -0.1163459555658976,
    -0.8213554910207622,
    -0.558424907436482,
    0.0,
    1.5092748260614062,
    0.21271012040741555,
    -0.656206380515022,
    1.0
  ]
}