{
  "intrinsics": [
    535.1901448567708,
    0.0,
    0.0,
    0.0,
    535.1901448567708,
    0.0,
    314.72184244791663,
    241.64288330078125,
    1.0
  ],
  "extrinsics": [
    0.9275489374343276,
    0.114570833274069,
    -0.35570513540078585,
    0.0,
    0.3552559560211687,
    -0.5656840306929884,
    0.7441735889002042,
    0.0,
    -0.11595613041449793,
    -0.8166239623108719,
    -0.565401738037703,
    0.0,
    1.6135044459584054,
    0.1286313911693031,
    -0.5809286622273209,
    1.0
  ]
}