{
  "intrinsics": [
    535.1901448567708,
    0.0,
    0.0,
    0.0,
    535.1901448567708,
    0.0,
    314.76737467447913,
    241.6634521484375,
    1.0
  ],
  "extrinsics": [
    0.9489515037352989,
    0.11614175333217079,
    -0.2932610186481892,
    0.0,
    0.30342700618460117,
    -0.5900832414149823,
    0.7481534848650261,
    0.0,
    -0.08615656324978552,
    -0.7989446978536161,
    -0.5952009768261649,
    0.0,
    1.7082678255412918,
    0.08538637104411051,
    -0.4821845676746537,
    1.0
  ]
}