{
  "intrinsics": [
    535.3407796223958,
    0.0,
    0.0,
    0.0,
    535.3407796223958,
    0.0,
    315.176025390625,
    241.49296061197916,
    1.0
  ],
  "extrinsics": [
    -0.5051051489373032,
    0.09600014753184137,
    0.8577019841875203,
    0.0,
    -0.8629978650670319,
    -0.06789497112996572,
    -0.5006245803712849,
    0.0,
    0.010173620991394954,
    -0.993063091504898,
    0.11714201303566844,
    0.0,
    -0.5975964660936577,
    0.636447135639285,
    1.020985512104271,
    1.0
  ]
}