{
  "intrinsics": [
    535.1901448567708,
    0.0,
    0.0,
    0.0,
    535.1901448567708,
    0.0,
    314.84271240234375,
    241.66691080729166,
    1.0
  ],
  "extrinsics": [
    0.9668181594106644,
    0.12036131853569647,
    -0.22533459096453426,
    0.0,
    0.25222414478912986,
    -0.5897922699045396,
    0.7671557521823115,
    0.0,
    -0.04056473521808014,
    -0.7985349618999195,
    -0.6005799026562901,
    0.0,
    1.790026222961015,
    0.04954125802910414,
    -0.38106093817673914,
    1.0
  ]
}