{
  "intrinsics": [
    535.3407796223958,
    0.0,
    0.0,
    0.0,
    535.3407796223958,
    0.0,
    314.89471435546875,
    241.66021728515625,
    1.0
  ],
  "extrinsics": [
    0.9783703263789906,
    0.10513084380993323,
    -0.1781534315150227,
    0.0,
    0.2058881165519938,
    -0.578285109795075,
    0.7894276204874985,
    0.0,
    -0.020030290406116643,
    -0.8090323923485357,
    -0.5874222836829125,
    0.0,
    1.8441235928234176,
    -0.006269743945902073,
    -0.32207101976001606,
    1.0
  ]
}