{
  "intrinsics": [
    539.8598225911458,
    0.0,
    0.0,
    0.0,
    539.8598225911458,
    0.0,
    314.9200236002604,
    241.65423583984375,
    1.0
  ],
  "extrinsics": [
    0.982528307185474,
    0.09796845426654201,
    -0.15824079103445768,
    0.0,
    0.18572851025508783,
    -0.5707341772042117,
    0.7998545062379913,
    0.0,
    -0.011952905236882744,
    -0.8152696168222492,
    -0.5789580866067556,
    0.0,
    1.8787839723551103,
    -0.04972665649919095,
    -0.3204741447236543,
    1.0
  ]
}