{
  "intrinsics": [
    535.3407796223958,
    0.0,
    0.0,
    0.0,
    535.3407796223958,
    0.0,
    314.9774983723958,
    241.64827473958331,
    1.0
  ],
  "extrinsics": [
    0.9836275445185153,
    0.10953655335181166,
    -0.14310293455725626,
    0.0,
    0.17984625738670657,
    -0.5460173523402626,
    0.8182420829498289,
    0.0,
    0.011490734718986748,
    -0.8305821046072582,
    -0.5567775212541958,
    0.0,
    1.9077105815946347,
    -0.06897900762840203,
    -0.3247549814462487,
    1.0
  ]
}