{
  "intrinsics": [
    535.1901448567708,
    0.0,
    0.0,
    0.0,
    535.1901448567708,
    0.0,
    315.00577799479163,
    241.65409342447916,
    1.0
  ],
  "extrinsics": [
    0.983325472453375,
    0.12378867387047097,
    -0.13321920068455168,
    0.0,
    0.1797429263522299,
    -0.5502755133028311,
    0.8154074370881705,
    0.0,
    0.02763093728260255,
    -0.825756089634992,
    -0.5633500854531122,
    0.0,
    1.9265220567564243,
    -0.08712194421821073,
    -0.3445595398891639,
    1.0
  ]
}