{
  "intrinsics": [
    535.9433186848958,
    0.0,
    0.0,
    0.0,
    535.9433186848958,
    0.0,
    315.04752604166663,
    241.67366536458331,
    1.0
  ],
  "extrinsics": [
    0.9828276727496582,
    0.14838728555981784,
    -0.10968478096500175,
    0.0,
    0.17566500275048091,
    -0.5704191667473356,
    0.8023486955069163,
    0.0,
    0.0564920691500876,
    -0.807838357326142,
    -0.5866902286541169,
    0.0,
    1.9487807682039102,
    -0.08070656114061481,
    -0.3452319248247542,
    1.0
  ]
}