{
  "intrinsics": [
    535.7926839192708,
    0.0,
    0.0,
    0.0,
    535.7926839192708,
    0.0,
    315.05802408854163,
    241.682861328125,
    1.0
  ],
  "extrinsics": [
    0.9822524891484277,
    0.15787857216035653,
    -0.10126264204707569,
    0.0,
    0.17547137547478253,
    -0.5827912949833362,
    0.7934505515530309,
    0.0,
    0.06625386409522445,
    -0.7971375550950355,
    -0.6001514737797676,
    0.0,
    1.961219326604789,
    -0.09072951082762715,
    -0.36694000959315787,
    1.0
  ]
}