{
  "intrinsics": [
    535.7926839192708,
    0.0,
    0.0,
    0.0,
    535.7926839192708,
    0.0,
    315.14137776692706,
    241.6741943359375,
    1.0
  ],
  "extrinsics": [
    0.9811923376106116,
    0.18178869732901456,
    -0.06491736556389383,
    0.0,
    0.1575626701988617,
    -0.5599682479575457,
    0.8133936992802866,
    0.0,
    0.11151411873724364,
    -0.8083243081442121,
    -0.5780796977245287,
    0.0,
    1.9878507102453695,
    -0.07723353164416968,
    -0.32160962703267115,
    1.0
  ]
}