{
  "intrinsics": [
    535.9433186848958,
    0.0,
    0.0,
    0.0,
    535.9433186848958,
    0.0,
    315.2093505859375,
    241.67342122395831,
    1.0
  ],
  "extrinsics": [
    0.9791341333482487,
    0.20021716770573497,
    -0.0347767830101802,
    0.0,
    0.14088745713661055,
    -0.5454843189974183,
    0.8261946623995485,
    0.0,
    0.14644815066376113,
    -0.8138549013293389,
    -0.5623103647610429,
    0.0,
    2.0040890385952665,
    -0.06472403015192651,
    -0.28310880184254916,
    1.0
  ]
}