{
  "intrinsics": [
    540.4623616536458,
    0.0,
    0.0,
    0.0,
    540.4623616536458,
    0.0,
    315.205322265625,
    241.66788736979166,
    1.0
  ],
  "extrinsics": [
    0.9829573910419164,
    0.18312616430910347,
    -0.01610159375606053,
    0.0,
    0.11487288400697447,
    -0.5434850600790924,
    0.8315214302518472,
    0.0,
    0.1435224146211795,
    -0.819199916157536,
    -0.5552589783207059,
    0.0,
    2.0067294509495035,
    -0.10714183453102755,
    -0.26012712456100884,
    1.0
  ]
}