{
  "intrinsics": [
    532.1774495442708,
    0.0,
    0.0,
    0.0,
    532.1774495442708,
    0.0,
    314.9228108723958,
    241.93682861328125,
    1.0
  ],
  "extrinsics": [
    0.2632514502819176,
    -0.8270936600313445,
    0.49660319079779497,
    0.0,
    -0.9625018886322516,
    -0.26011739174792897,
    0.07700030845156522,
    0.0,
    0.06548866984227485,
    -0.4982519244716168,
    -0.8645555588058157,
    0.0,
    0.5688613532723146,
    -0.7540189766863052,
    0.47599490668077254,
    1.0
  ]
}