{
  "intrinsics": [
    535.4914143880208,
    0.0,
    0.0,
    0.0,
    535.4914143880208,
    0.0,
    315.2143147786458,
    241.50345865885416,
    1.0
  ],
  "extrinsics": [
    -0.521804083707577,
    0.14944635672144138,
    0.8398727018763342,
    0.0,
    -0.8528675282085706,
    -0.11259125062885031,
    -0.5098431741887078,
    0.0,
    0.018368113172159216,
    -0.9823385168702025,
    0.1862085337607004,
    0.0,
    -0.5967590963029514,
    0.7165090421519887,
    0.9537550458472634,
    1.0
  ]
}