{
  "intrinsics": [
    535.9433186848958,
    0.0,
    0.0,
    0.0,
    535.9433186848958,
    0.0,
    315.18644205729163,
    241.67433675130206,
    1.0
  ],
  "extrinsics": [
    0.984256276461711,
    0.17667020545756715,
    -0.005179705302403757,
    0.0,
    0.1028806610151438,
    -0.5488419407666427,
    0.8295708427252899,
    0.0,
    0.1437176501011366,
    -0.8170434432008418,
    -0.5583772370850563,
    0.0,
    2.009589815966505,
    -0.13410742190252334,
    -0.258144135164982,
    1.0
  ]
}