{
  "intrinsics": [
    536.6964925130208,
    0.0,
    0.0,
    0.0,
    536.6964925130208,
    0.0,
    315.20194498697913,
    241.68851725260416,
    1.0
  ],
  "extrinsics": [
    0.9838037899530072,
    0.17786289886528553,
    0.022248054881769126,
    0.0,
    0.08503418102448905,
    -0.5723619575173677,
    0.8155800651055717,
    0.0,
    0.1577953771319821,
    -0.8004788356560304,
    -0.5782162590418414,
    0.0,
    2.017288109007928,
    -0.14521037517963964,
    -0.23678768145153928,
    1.0
  ]
}