{
  "intrinsics": [
    537.6003011067708,
    0.0,
    0.0,
    0.0,
    537.6003011067708,
    0.0,
    315.21380615234375,
    241.7022501627604,
    1.0
  ],
  "extrinsics": [
    0.9830495022036589,
    0.18010888151008386,
    0.034269724292369186,
    0.0,
    0.08033700616487907,
    -0.5911844961796487,
    0.8025251673563161,
    0.0,
    0.1648016890726468,
    -0.7861688667193762,
    -0.5956331018260764,
    0.0,
    2.0155823083827435,
    -0.15408953730315655,
    -0.24088171122876734,
    1.0
  ]
}