{
  "intrinsics": [
    537.6003011067708,
    0.0,
    0.0,
    0.0,
    537.6003011067708,
    0.0,
    315.2271321614583,
    241.72318522135416,
    1.0
  ],
  "extrinsics": [
    0.980066581644919,
    0.19371128710867558,
    0.04410494095578345,
    0.0,
    0.08618813159539294,
    -0.6145934956932785,
    0.7841212352305187,
    0.0,
    0.1789997528270189,
    -0.7646898757334186,
    -0.6190381960150548,
    0.0,
    2.0135099683961055,
    -0.13813700470591517,
    -0.2551732472561681,
    1.0
  ]
}