{
  "intrinsics": [
    537.6003011067708,
    0.0,
    0.0,
    0.0,
    537.6003011067708,
    0.0,
    315.23919677734375,
    241.76529947916666,
    1.0
  ],
  "extrinsics": [
    0.9754847097013581,
    0.21261835387053754,
    0.056770582601752974,
    0.0,
    0.10068631060160702,
    -0.6605889850097028,
    0.7439652618199658,
    0.0,
    0.19568271641559712,
    -0.7200107648477604,
    -0.6658022198743997,
    0.0,
    2.010575856397911,
    -0.09936017755018534,
    -0.27715179390513667,
    1.0
  ]
}