{
  "intrinsics": [
    537.4496663411458,
    0.0,
    0.0,
    0.0,
    537.4496663411458,
    0.0,
    315.1807861328125,
    241.82572428385416,
    1.0
  ],
  "extrinsics": [
    0.9706746569258891,
    0.2392982634393008,
    0.022959184875281893,
    0.0,
    0.16151384334867386,
    -0.719917313014231,
    0.6750053079557611,
    0.0,
    0.17805636545608178,
    -0.6515023128610846,
    -0.7374554118366448,
    0.0,
    1.9932969238080296,
    -0.029021143859117027,
    -0.3935797838061035,
    1.0
  ]
}