{
  "intrinsics": [
    537.6003011067708,
    0.0,
    0.0,
    0.0,
    537.6003011067708,
    0.0,
    315.12381998697913,
    241.86224365234375,
    1.0
  ],
  "extrinsics": [
    0.9657218717451873,
    0.2593065265132965,
    -0.011884477646284376,
    0.0,
    0.2090102397476585,
    -0.7496240682483776,
    0.6279954632894876,
    0.0,
    0.1539344788107318,
    -0.6089530096529926,
    -0.7781261570924836,
    0.0,
    1.971555596934094,
    0.021038208310334428,
    -0.48033522206312584,
    1.0
  ]
}