{
  "intrinsics": [
    537.4496663411458,
    0.0,
    0.0,
    0.0,
    537.4496663411458,
    0.0,
    315.06205240885413,
    241.896484375,
    1.0
  ],
  "extrinsics": [
    0.9637308342231665,
    0.2644228845321565,
    -0.03610005971195241,
    0.0,
    0.23565263872072797,
    -0.7796673724910916,
    0.5801607803881653,
    0.0,
    0.12526173720532993,
    -0.5676260360657568,
    -0.8137015112108569,
    0.0,
    1.9498261577717377,
    0.05516610441632386,
    -0.5367147266163681,
    1.0
  ]
}