{
  "intrinsics": [
    537.4496663411458,
    0.0,
    0.0,
    0.0,
    537.4496663411458,
    0.0,
    315.0284220377604,
    241.91554768880206,
    1.0
  ],
  "extrinsics": [
    0.9633204610650904,
    0.26396670437350844,
    -0.04832321506961013,
    0.0,
    0.24620474949951887,
    -0.7977288477690907,
    0.5504651090333373,
    0.0,
    0.10675565211144711,
    -0.5421717977786474,
    -0.8334584123043277,
    0.0,
    1.9307324344951386,
    0.07661031488262138,
    -0.5507266451357937,
    1.0
  ]
}