{
  "intrinsics": [
    537.2990315755208,
    0.0,
    0.0,
    0.0,
    537.2990315755208,
    0.0,
    315.0444132486979,
    241.94242350260416,
    1.0
  ],
  "extrinsics": [
    0.9599052988197668,
    0.2780292560904234,
    -0.03579417017666673,
    0.0,
    0.2544736576369751,
    -0.8106967490924304,
    0.5272700046882309,
    0.0,
    0.11757829388365848,
    -0.5152380258280507,
    -0.848943385457401,
    0.0,
    1.9192763533051764,
    0.12642793931267082,
    -0.508751998270965,
    1.0
  ]
}