{
  "intrinsics": [
    535.4914143880208,
    0.0,
    0.0,
    0.0,
    535.4914143880208,
    0.0,
    315.24613444010413,
    241.51285807291666,
    1.0
  ],
  "extrinsics": [
    -0.5430597794534436,
    0.17754110362619815,
    0.8207101229208149,
    0.0,
    -0.8391622874811496,
    -0.14952620892507038,
    -0.5229230308178703,
    0.0,
    0.029877352925349144,
    -0.9726874914802995,
    0.23018748176582807,
    0.0,
    -0.592128401882376,
    0.7604021919234114,
    0.894904009885929,
    1.0
  ]
}