{
  "intrinsics": [
    537.4496663411458,
    0.0,
    0.0,
    0.0,
    537.4496663411458,
    0.0,
    315.0143839518229,
    241.98809814453125,
    1.0
  ],
  "extrinsics": [
    0.9555395684829858,
    0.29238921500756876,
    -0.03811336202632126,
    0.0,
    0.274743293835214,
    -0.835942149971603,
    0.47509650590884456,
    0.0,
    0.10705254558010668,
    -0.4644449150341944,
    -0.8791078344182176,
    0.0,
    1.8910789779663566,
    0.18608524120464143,
    -0.49696755174767615,
    1.0
  ]
}