{
  "intrinsics": [
    537.2990315755208,
    0.0,
    0.0,
    0.0,
    537.2990315755208,
    0.0,
    314.9981486002604,
    242.02091471354166,
    1.0
  ],
  "extrinsics": [
    0.934784343576874,
    0.350358671636424,
    -0.05853986185617431,
    0.0,
    0.33975231452185767,
    -0.8337712704462974,
    0.4351938400938547,
    0.0,
    0.10366508029044581,
    -0.4267014868625241,
    -0.8984316416970078,
    0.0,
    1.8482645804231754,
    0.3059434335500617,
    -0.4991908957300608,
    1.0
  ]
}