{
  "intrinsics": [
    537.2990315755208,
    0.0,
    0.0,
    0.0,
    537.2990315755208,
    0.0,
    314.95680745442706,
    242.06319173177081,
    1.0
  ],
  "extrinsics": [
    0.9043144959965473,
    0.4176559822856206,
    -0.08819575016294973,
    0.0,
    0.41817274457351034,
    -0.8252950498584496,
    0.3794987764283375,
    0.0,
    0.08571243813205696,
    -0.38006730413583584,
    -0.9209788035200211,
    0.0,
    1.7839066994844137,
    0.43857688605307166,
    -0.5143650831783695,
    1.0
  ]
}