{
  "intrinsics": [
    537.4496663411458,
    0.0,
    0.0,
    0.0,
    537.4496663411458,
    0.0,
    314.9364827473958,
    242.09344482421875,
    1.0
  ],
  "extrinsics": [
    0.8718411267990661,
    0.4788221755895488,
    -0.10306452708167214,
    0.0,
    0.48332535992745307,
    -0.807000077670352,
    0.33933351559591474,
    0.0,
    0.07930736608524075,
    -0.3456586190223492,
    -0.9350028894540249,
    0.0,
    1.7212169773769903,
    0.5519536037833308,
    -0.5019863719603004,
    1.0
  ]
}