{
  "intrinsics": [
    541.8180745442708,
    0.0,
    0.0,
    0.0,
    541.8180745442708,
    0.0,
    315.01751708984375,
    242.11505126953125,
    1.0
  ],
  "extrinsics": [
    0.7985033888167037,
    0.5940314246530844,
    -0.09756347406122522,
    0.0,
    0.5880361640014079,
    -0.7349900861560521,
    0.33764271563986653,
    0.0,
    0.12886224058991713,
    -0.3269797620787786,
    -0.9362042177165931,
    0.0,
    1.626267856320087,
    0.7493579225896825,
    -0.4490244553035384,
    1.0
  ]
}