{
  "intrinsics": [
    537.2990315755208,
    0.0,
    0.0,
    0.0,
    537.2990315755208,
    0.0,
    315.04872639973956,
    242.12788899739581,
    1.0
  ],
  "extrinsics": [
    0.6865704503189424,
    0.7152762784423727,
    -0.1303867243393485,
    0.0,
    0.7112983545363741,
    -0.6236523730874934,
    0.32421017649797346,
    0.0,
    0.1505838696012433,
    -0.315337032151872,
    -0.9369561192176328,
    0.0,
    1.469583128040713,
    0.9528845742655592,
    -0.4564719925235603,
    1.0
  ]
}