{
  "intrinsics": [
    525.0976155598958,
    0.0,
    0.0,
    0.0,
    525.0976155598958,
    0.0,
    315.09220377604163,
    242.1426798502604,
    1.0
  ],
  "extrinsics": [
    0.5510172129448647,
    0.8196329444481563,
    -0.1567849440270606,
    0.0,
    0.8151964508364826,
    -0.4885190921112884,
    0.31113260226870226,
    0.0,
    0.17842214705261394,
    -0.29924997281081067,
    -0.9373443905990896,
    0.0,
    1.2817051049741843,
    1.135199977889583,
    -0.45898755148842707,
    1.0
  ]
}