{
  "intrinsics": [
    533.0812581380208,
    0.0,
    0.0,
    0.0,
    533.0812581380208,
    0.0,
    315.05961100260413,
    242.1662394205729,
    1.0
  ],
  "extrinsics": [
    0.35128084880649335,
    0.9144163236773484,
    -0.20110728297731953,
    0.0,
    0.9214504666641747,
    -0.29958553743319793,
    0.24734029729282145,
    0.0,
    0.16592322818767244,
    -0.27219637738714386,
    -0.9478281779000578,
    0.0,
    0.9894491668361909,
    1.3254204388623017,
    -0.518425756108747,
    1.0
  ]
}