{
  "intrinsics": [
    533.3825276692708,
    0.0,
    0.0,
    0.0,
    533.3825276692708,
    0.0,
    315.00701904296875,
    242.22711181640625,
    1.0
  ],
  "extrinsics": [
    0.13918826798117562,
    0.9737807883850084,
    -0.17993651424156384,
    0.0,
    0.979751943767528,
    -0.1090101964259888,
    0.1679367703261269,
    0.0,
    0.14391872618052864,
    -0.1996679963643584,
    -0.9692367361510155,
    0.0,
    0.6614823930168878,
    1.4779318015511838,
    -0.49856708324181603,
    1.0
  ]
}