{
  "intrinsics": [
    533.2318929036458,
    0.0,
    0.0,
    0.0,
    533.2318929036458,
    0.0,
    314.89312744140625,
    242.25406901041666,
    1.0
  ],
  "extrinsics": [
    -0.09541705195553704,
    0.9810618432349391,
    -0.1685608928923344,
    0.0,
    0.992020173802268,
    0.10773481957801052,
    0.06548936213420546,
    0.0,
    0.08240903898535236,
    -0.16096701990597667,
    -0.9835130070957953,
    0.0,
    0.26908656578183354,
    1.542290818541336,
    -0.5063918006044701,
    1.0
  ]
}