{
  "intrinsics": [
    535.6420491536458,
    0.0,
    0.0,
    0.0,
    535.6420491536458,
    0.0,
    315.2303059895833,
    241.51566569010416,
    1.0
  ],
  "extrinsics": [
    -0.5679894421892203,
    0.18603564859872776,
    0.8017348139451859,
    0.0,
    -0.8225273058862969,
    -0.16254592686213065,
    -0.5450024922187727,
    0.0,
    0.02892884820378638,
    -0.9690044422822017,
    0.2453437624256165,
    0.0,
    -0.5686989345933622,
    0.771091680797271,
    0.8491634215975348,
    1.0
  ]
}