{
  "intrinsics": [
    533.2318929036458,
    0.0,
    0.0,
    0.0,
    533.2318929036458,
    0.0,
    314.8574015299479,
    242.283935546875,
    1.0
  ],
  "extrinsics": [
    -0.29838481043818416,
    0.9452626551750329,
    -0.13207966211032518,
    0.0,
    0.9523295112391523,
    0.304068686986172,
    0.02471322475306944,
    0.0,
    0.06352177508029445,
    -0.11840930987063769,
    -0.9909309376020362,
    0.0,
    -0.07442211911387187,
    1.5261389355770034,
    -0.44661485373224125,
    1.0
  ]
}