{
  "intrinsics": [
    533.2318929036458,
    0.0,
    0.0,
    0.0,
    533.2318929036458,
    0.0,
    314.8854573567708,
    242.26080322265625,
    1.0
  ],
  "extrinsics": [
    -0.4319596082239046,
    0.8868821364223923,
    -0.16386256072292268,
    0.0,
    0.8983497087643127,
    0.43919064910823663,
    0.008907248273766906,
    0.0,
    0.07986658272246344,
    -0.14335833748503657,
    -0.9864429416956219,
    0.0,
    -0.29007594186484154,
    1.445654979754498,
    -0.4627756512714284,
    1.0
  ]
}