{
  "intrinsics": [
    533.2318929036458,
    0.0,
    0.0,
    0.0,
    533.2318929036458,
    0.0,
    314.88798014322913,
    242.20882161458331,
    1.0
  ],
  "extrinsics": [
    -0.529296381759847,
    0.8215104853854335,
    -0.21205152667030241,
    0.0,
    0.8446250707031828,
    0.5338610288018503,
    -0.04001158554269488,
    0.0,
    0.08033611711296375,
    -0.2002820223288613,
    -0.9764390433864575,
    0.0,
    -0.4286189436959602,
    1.3461690593833144,
    -0.5068625074582068,
    1.0
  ]
}