{
  "intrinsics": [
    533.2318929036458,
    0.0,
    0.0,
    0.0,
    533.2318929036458,
    0.0,
    314.87797037760413,
    242.18983968098956,
    1.0
  ],
  "extrinsics": [
    -0.6129879711564059,
    0.759757539181495,
    -0.21682746206990125,
    0.0,
    0.7865940291901734,
    0.6126392782854172,
    -0.0770903203599888,
    0.0,
    0.07426707439041488,
    -0.21781064221792734,
    -0.9731612697108489,
    0.0,
    -0.5352515254821621,
    1.266974473838166,
    -0.49074846307947295,
    1.0
  ]
}