{
  "intrinsics": [
    533.2318929036458,
    0.0,
    0.0,
    0.0,
    533.2318929036458,
    0.0,
    314.887939453125,
    242.15885416666666,
    1.0
  ],
  "extrinsics": [
    -0.6880589386241905,
    0.6865630642117844,
    -0.2349596985725382,
    0.0,
    0.7213031548156723,
    0.682495677789758,
    -0.11798912679224148,
    0.0,
    0.07935200524272977,
    -0.25066063720883985,
    -0.9648172746166458,
    0.0,
    -0.6215213892729421,
    1.1723794310953364,
    -0.5030836192279713,
    1.0
  ]
}