{
  "intrinsics": [
    537.9015706380208,
    0.0,
    0.0,
    0.0,
    537.9015706380208,
    0.0,
    314.8990275065104,
    242.13041178385416,
    1.0
  ],
  "extrinsics": [
    -0.7583087562526971,
    0.6044673412476894,
    -0.24410447832834775,
    0.0,
    0.6465287547028239,
    0.745299613953196,
    -0.16287722809766403,
    0.0,
    0.08347701571806561,
    -0.2813318041174917,
    -0.9559728185133913,
    0.0,
    -0.7009089262666468,
    1.0700916871328352,
    -0.514047864736379,
    1.0
  ]
}