{
  "intrinsics": [
    533.2318929036458,
    0.0,
    0.0,
    0.0,
    533.2318929036458,
    0.0,
    314.88224283854163,
    242.12322998046875,
    1.0
  ],
  "extrinsics": [
    -0.8157532600822558,
    0.5341279745961216,
    -0.22193219339067752,
    0.0,
    0.5738620148260912,
    0.7953737863512664,
    -0.19509708983899532,
    0.0,
    0.07231223213163601,
    -0.28650950535375574,
    -0.955344498221348,
    0.0,
    -0.7783121184172337,
    0.9999019346769895,
    -0.4869371315537645,
    1.0
  ]
}