{
  "intrinsics": [
    537.9015706380208,
    0.0,
    0.0,
    0.0,
    537.9015706380208,
    0.0,
    314.8407796223958,
    242.10868326822916,
    1.0
  ],
  "extrinsics": [
    -0.872597276809758,
    0.4519751171896992,
    -0.18518193033844613,
    0.0,
    0.4861248171512136,
    0.8404971311128322,
    -0.23926373980261745,
    0.0,
    0.04750362371200024,
    -0.2988023979634666,
    -0.9531319242959109,
    0.0,
    -0.8886409073951773,
    0.924779930044118,
    -0.45016199366568754,
    1.0
  ]
}