{
  "intrinsics": [
    533.3825276692708,
    0.0,
    0.0,
    0.0,
    533.3825276692708,
    0.0,
    314.8014729817708,
    242.09745279947916,
    1.0
  ],
  "extrinsics": [
    -0.9144929645079776,
    0.3774342692574786,
    -0.1457599460407717,
    0.0,
    0.40386390361608593,
    0.8732795817069685,
    -0.27253752317088403,
    0.0,
    0.024424173521392728,
    -0.30810081489713187,
    -0.9510401159066824,
    0.0,
    -1.0006464199998493,
    0.8657151387968356,
    -0.4139377170199003,
    1.0
  ]
}