{
  "intrinsics": [
    533.2318929036458,
    0.0,
    0.0,
    0.0,
    533.2318929036458,
    0.0,
    314.81559244791663,
    242.05611165364581,
    1.0
  ],
  "extrinsics": [
    -0.9536262487608473,
    0.2705595213035806,
    -0.13188805636389786,
    0.0,
    0.29954173762780023,
    0.8960500453063662,
    -0.3276721114360588,
    0.0,
    0.029523511079298095,
    -0.35198272658892404,
    -0.935540799617367,
    0.0,
    -1.1387841520027178,
    0.7540181138878683,
    -0.4119216418075585,
    1.0
  ]
}