{
  "intrinsics": [
    535.6420491536458,
    0.0,
    0.0,
    0.0,
    535.6420491536458,
    0.0,
    315.1946614583333,
    241.51820882161456,
    1.0
  ],
  "extrinsics": [
    -0.5799134176962605,
    0.2081793734322926,
    0.7876304724059067,
    0.0,
    -0.8145974189363953,
    -0.16178666023269292,
    -0.5570064158467223,
    0.0,
    0.011470851645697815,
    -0.9646172335175422,
    0.26340460355571704,
    0.0,
    -0.507669750739395,
    0.7863452009117929,
    0.8100034615730594,
    1.0
  ]
}