{
  "intrinsics": [
    533.3825276692708,
    0.0,
    0.0,
    0.0,
    533.3825276692708,
    0.0,
    314.8505859375,
    242.046630859375,
    1.0
  ],
  "extrinsics": [
    -0.983363242096114,
    0.14653957866289358,
    -0.10734507113118431,
    0.0,
    0.1753004544624277,
    0.9204400295119318,
    -0.34937046127596416,
    0.0,
    0.04760812850761466,
    -0.3623756954607238,
    -0.9308154075648127,
    0.0,
    -1.2760800558707501,
    0.6112439607697846,
    -0.3792900733114155,
    1.0
  ]
}