{
  "intrinsics": [
    533.2318929036458,
    0.0,
    0.0,
    0.0,
    533.2318929036458,
    0.0,
    314.87017822265625,
    242.06337483723956,
    1.0
  ],
  "extrinsics": [
    -0.9975659113938161,
    0.014526892499884179,
    -0.06819992389697938,
    0.0,
    0.03697053619575271,
    0.9394590910193816,
    -0.34066098306183495,
    0.0,
    0.059122265897514445,
    -0.3423531640594423,
    -0.9377094242124978,
    0.0,
    -1.377104713025814,
    0.443364761523382,
    -0.3145449227870517,
    1.0
  ]
}