{
  "intrinsics": [
    533.2318929036458,
    0.0,
    0.0,
    0.0,
    533.2318929036458,
    0.0,
    314.8630167643229,
    242.0549112955729,
    1.0
  ],
  "extrinsics": [
    -0.9952961568765094,
    -0.09464892132298322,
    -0.020662624302721953,
    0.0,
    -0.08128044481905307,
    0.9318920682653832,
    -0.35351173498405636,
    0.0,
    0.05271488189276041,
    -0.3501694025267396,
    -0.9352018293592674,
    0.0,
    -1.4313301740680324,
    0.29770673321620045,
    -0.25408822272904474,
    1.0
  ]
}