{
  "intrinsics": [
    533.3825276692708,
    0.0,
    0.0,
    0.0,
    533.3825276692708,
    0.0,
    314.86735026041663,
    242.04046630859375,
    1.0
  ],
  "extrinsics": [
    -0.979854681146984,
    -0.1984185763083362,
    0.022690820856625868,
    0.0,
    -0.19271779852591178,
    0.9096113072125199,
    -0.36805850164464704,
    0.0,
    0.05238982101714509,
    -0.3650167655115366,
    -0.9295257018489443,
    0.0,
    -1.4652159450122357,
    0.15848960890914432,
    -0.21249029397109498,
    1.0
  ]
}