{
  "intrinsics": [
    533.3825276692708,
    0.0,
    0.0,
    0.0,
    533.3825276692708,
    0.0,
    314.88983154296875,
    242.03690592447916,
    1.0
  ],
  "extrinsics": [
    -0.9543220593877842,
    -0.2942414930220403,
    0.05187807724857239,
    0.0,
    -0.29196464052368104,
    0.8815146652491942,
    -0.37106406036214085,
    0.0,
    0.06345115350716078,
    -0.3692611696035608,
    -0.9271570527226025,
    0.0,
    -1.4806150667554072,
    0.03020981653253285,
    -0.1817862505628638,
    1.0
  ]
}