{
  "intrinsics": [
    533.2318929036458,
    0.0,
    0.0,
    0.0,
    533.2318929036458,
    0.0,
    314.90712483723956,
    242.01666259765625,
    1.0
  ],
  "extrinsics": [
    -0.9076733609037514,
    -0.40630867955205097,
    0.1050826064280999,
    0.0,
    -0.41394625765160864,
    0.8255207280627387,
    -0.3836196483166962,
    0.0,
    0.06912011040666803,
    -0.3916999055835844,
    -0.9174931839728814,
    0.0,
    -1.465695480583598,
    -0.15227666422928188,
    -0.10215579603683411,
    1.0
  ]
}