{
  "intrinsics": [
    533.3825276692708,
    0.0,
    0.0,
    0.0,
    533.3825276692708,
    0.0,
    314.907470703125,
    241.98819986979166,
    1.0
  ],
  "extrinsics": [
    -0.8256433070164262,
    -0.5307312365991955,
    0.19140930335502995,
    0.0,
    -0.5607517172578406,
    0.7345279799374155,
    -0.3821337301927137,
    0.0,
    0.06221481886933588,
    -0.4228392302539114,
    -0.904066572217997,
    0.0,
    -1.4004320187988575,
    -0.38884960558434134,
    0.03767720543501618,
    1.0
  ]
}