{
  "intrinsics": [
    533.3825276692708,
    0.0,
    0.0,
    0.0,
    533.3825276692708,
    0.0,
    314.8701171875,
    241.990478515625,
    1.0
  ],
  "extrinsics": [
    -0.7044713259222507,
    -0.6558277137970617,
    0.27131193708697027,
    0.0,
    -0.7087375593363991,
    0.6298198398009414,
    -0.3178333912161099,
    0.0,
    0.03756630673872492,
    -0.41619348045277216,
    -0.9084996882532462,
    0.0,
    -1.2832663149351478,
    -0.642261256963419,
    0.19291636247849753,
    1.0
  ]
}