{
  "intrinsics": [
    533.3825276692708,
    0.0,
    0.0,
    0.0,
    533.3825276692708,
    0.0,
    314.8403116861979,
    241.99283854166666,
    1.0
  ],
  "extrinsics": [
    -0.5613222683774309,
    -0.7580816554273538,
    0.33200837338827016,
    0.0,
    -0.8274034500727412,
    0.5053691079342283,
    -0.24496053743480947,
    0.0,
    0.0179133227647097,
    -0.4122066294176743,
    -0.9109143620915873,
    0.0,
    -1.1286297668382517,
    -0.8820547285381892,
    0.3272895234501924,
    1.0
  ]
}