{
  "intrinsics": [
    533.3825276692708,
    0.0,
    0.0,
    0.0,
    533.3825276692708,
    0.0,
    314.85294596354163,
    241.9930216471354,
    1.0
  ],
  "extrinsics": [
    -0.4080260301768707,
    -0.8354616436363071,
    0.3681285922559655,
    0.0,
    -0.9127058201517568,
    0.3635726750297705,
    -0.18650205920614316,
    0.0,
    0.021973820822726493,
    -0.4120907706133055,
    -0.9108778119545958,
    0.0,
    -0.9411012995208843,
    -1.1116126219238351,
    0.4282859788130049,
    1.0
  ]
}