{
  "intrinsics": [
    535.4914143880208,
    0.0,
    0.0,
    0.0,
    535.4914143880208,
    0.0,
    315.16141764322913,
    241.5113321940104,
    1.0
  ],
  "extrinsics": [
    -0.574746266186038,
    0.19416607151084198,
    0.7949630193133882,
    0.0,
    -0.8182900763480476,
    -0.12656389919544458,
    -0.5606986058536775,
    0.0,
    -0.00825502663510657,
    -0.9727698336737777,
    0.23162629023929496,
    0.0,
    -0.4221307641698915,
    0.7546772693681061,
    0.8109742279024783,
    1.0
  ]
}