{
  "intrinsics": [
    533.2318929036458,
    0.0,
    0.0,
    0.0,
    533.2318929036458,
    0.0,
    314.85062662760413,
    242.01220703125,
    1.0
  ],
  "extrinsics": [
    -0.2663845777771092,
    -0.8891737353992679,
    0.37203385706628667,
    0.0,
    -0.9636591968021152,
    0.23767909596231246,
    -0.12194039379402817,
    0.0,
    0.02000152620235725,
    -0.3909969082009003,
    -0.9201745936259083,
    0.0,
    -0.7375491734306467,
    -1.3097452004146977,
    0.4881178945675742,
    1.0
  ]
}