{
  "intrinsics": [
    533.3825276692708,
    0.0,
    0.0,
    0.0,
    533.3825276692708,
    0.0,
    314.82659912109375,
    242.03261311848956,
    1.0
  ],
  "extrinsics": [
    -0.168999467060443,
    -0.9166183672433661,
    0.3622843452958455,
    0.0,
    -0.9855949244938682,
    0.15475437248171847,
    -0.06821781077283758,
    0.0,
    0.006464610731684787,
    -0.3685943846624867,
    -0.9295678179429673,
    0.0,
    -0.5717373490565816,
    -1.4403659389488652,
    0.5187389992573582,
    1.0
  ]
}