{
  "intrinsics": [
    533.3825276692708,
    0.0,
    0.0,
    0.0,
    533.3825276692708,
    0.0,
    314.8269856770833,
    242.02071126302081,
    1.0
  ],
  "extrinsics": [
    -0.08312686098231735,
    -0.9206483327749646,
    0.38143994055016894,
    0.0,
    -0.9965258835006849,
    0.07483826403397775,
    -0.03654118537566205,
    0.0,
    0.005095246548163901,
    -0.38315232456908044,
    -0.9236710804825375,
    0.0,
    -0.3979867494313156,
    -1.5158299648144389,
    0.5884367713452419,
    1.0
  ]
}