{
  "intrinsics": [
    533.3825276692708,
    0.0,
    0.0,
    0.0,
    533.3825276692708,
    0.0,
    314.85394287109375,
    242.00152587890625,
    1.0
  ],
  "extrinsics": [
    -0.011353884245566354,
    -0.9135833366922838,
    0.40649317350194797,
    0.0,
    -0.9997852363957749,
    0.0033210506257525594,
    -0.02046145896290651,
    0.0,
    0.017343294895351913,
    -0.4066381250533555,
    -0.9134248239362306,
    0.0,
    -0.24134001882298595,
    -1.5474537537449962,
    0.6609533154575729,
    1.0
  ]
}