{
  "intrinsics": [
    533.3825276692708,
    0.0,
    0.0,
    0.0,
    533.3825276692708,
    0.0,
    314.87538655598956,
    241.9713134765625,
    1.0
  ],
  "extrinsics": [
    0.005073856269399816,
    -0.8987917848932344,
    0.43834658817582267,
    0.0,
    -0.999678596089374,
    -0.015446694301653522,
    -0.020100763248510102,
    0.0,
    0.024837406002702376,
    -0.4381037072429238,
    -0.8985812223132266,
    0.0,
    -0.1804876518153602,
    -1.5363688275782046,
    0.734865721550419,
    1.0
  ]
}