{
  "intrinsics": [
    533.3825276692708,
    0.0,
    0.0,
    0.0,
    533.3825276692708,
    0.0,
    314.87255859375,
    241.95979817708331,
    1.0
  ],
  "extrinsics": [
    0.010740954954246035,
    -0.888264816864613,
    0.45920624201040755,
    0.0,
    -0.9992332140885549,
    -0.02682562064774754,
    -0.028517606745807333,
    0.0,
    0.037649675682815936,
    -0.4585478319348772,
    -0.8878718914996863,
    0.0,
    -0.13022967895859638,
    -1.5286913418367938,
    0.7900604052172115,
    1.0
  ]
}