{
  "intrinsics": [
    533.3825276692708,
    0.0,
    0.0,
    0.0,
    533.3825276692708,
    0.0,
    314.8860677083333,
    241.9374796549479,
    1.0
  ],
  "extrinsics": [
    0.006289257556182392,
    -0.8732731244504552,
    0.4871904782174223,
    0.0,
    -0.9991046224747211,
    -0.02587099370579401,
    -0.03347523432464054,
    0.0,
    0.041837106821085886,
    -0.4865437098288349,
    -0.8726538708062269,
    0.0,
    -0.09690710745281983,
    -1.5071337907401787,
    0.8553263520614043,
    1.0
  ]
}