{
  "intrinsics": [
    533.3825276692708,
    0.0,
    0.0,
    0.0,
    533.3825276692708,
    0.0,
    314.90555826822913,
    241.92215983072916,
    1.0
  ],
  "extrinsics": [
    0.01738794250700262,
    -0.8631856052474257,
    0.5045871577685126,
    0.0,
    -0.9991999095829143,
    -0.03318001383928032,
    -0.022328133832068924,
    0.0,
    0.0360155295954454,
    -0.5037952071339966,
    -0.8630720053711313,
    0.0,
    -0.045814141091552685,
    -1.4914867450935465,
    0.9046011942185064,
    1.0
  ]
}