{
  "intrinsics": [
    533.5331624348958,
    0.0,
    0.0,
    0.0,
    533.5331624348958,
    0.0,
    314.9112548828125,
    241.89408365885416,
    1.0
  ],
  "extrinsics": [
    0.037180705974566186,
    -0.8435803905592306,
    0.5357141768836251,
    0.0,
    -0.9987946971453526,
    -0.04855950363665842,
    -0.007145452080468569,
    0.0,
    0.0320417812518823,
    -0.5348027696737616,
    -0.8443690743851301,
    0.0,
    0.014846206293825936,
    -1.4510591771127346,
    0.9790104723395896,
    1.0
  ]
}