{
  "intrinsics": [
    533.6837972005208,
    0.0,
    0.0,
    0.0,
    533.6837972005208,
    0.0,
    314.9195556640625,
    241.85430908203125,
    1.0
  ],
  "extrinsics": [
    0.05679600437569992,
    -0.8120521661459885,
    0.5808144123736679,
    0.0,
    -0.9979389656708868,
    -0.06357710905375279,
    0.008696434938709153,
    0.0,
    0.029864578151871275,
    -0.5801113339971777,
    -0.8139894648539231,
    0.0,
    0.06832452267072053,
    -1.3779521899709994,
    1.0785124357868185,
    1.0
  ]
}