{
  "intrinsics": [
    537.4496663411458,
    0.0,
    0.0,
    0.0,
    537.4496663411458,
    0.0,
    315.1374308268229,
    241.4983927408854,
    1.0
  ],
  "extrinsics": [
    -0.5668957260955811,
    0.13938458987886707,
    0.8119120629633982,
    0.0,
    -0.8237523864857225,
    -0.08655128670714304,
    -0.5603042393855346,
    0.0,
    -0.007825735788370071,
    -0.9864485197962017,
    0.1638839605605833,
    0.0,
    -0.34902400856906457,
    0.6757488240193261,
    0.8326231032107148,
    1.0
  ]
}