{
  "intrinsics": [
    533.5331624348958,
    0.0,
    0.0,
    0.0,
    533.5331624348958,
    0.0,
    314.93068440755206,
    241.8157958984375,
    1.0
  ],
  "extrinsics": [
    0.06958474272554156,
    -0.7778725818899596,
    0.6245576460012012,
    0.0,
    -0.9971534170146935,
    -0.0724580534542111,
    0.020852567803894904,
    0.0,
    0.029033556929254984,
    -0.6242308554108523,
    -0.7807002896339685,
    0.0,
    0.10257944987341938,
    -1.292182092900819,
    1.1732521885696436,
    1.0
  ]
}