{
  "intrinsics": [
    533.6837972005208,
    0.0,
    0.0,
    0.0,
    533.6837972005208,
    0.0,
    314.9400227864583,
    241.77522786458331,
    1.0
  ],
  "extrinsics": [
    0.07623473114724881,
    -0.7382338860870904,
    0.6702230470358111,
    0.0,
    -0.9967562496010088,
    -0.07381122004872566,
    0.032075247581829676,
    0.0,
    0.025790921507353744,
    -0.6704942189006802,
    -0.7414662217982229,
    0.0,
    0.1190488835125123,
    -1.1924311194964143,
    1.2676728604448075,
    1.0
  ]
}