{
  "intrinsics": [
    533.6837972005208,
    0.0,
    0.0,
    0.0,
    533.6837972005208,
    0.0,
    314.9611409505208,
    241.7248331705729,
    1.0
  ],
  "extrinsics": [
    0.07119481149666795,
    -0.6823023261114728,
    0.7275951642394871,
    0.0,
    -0.9971181430869129,
    -0.06784674528445492,
    0.033944219059475096,
    0.0,
    0.026204719859743302,
    -0.7279150116730317,
    -0.6851663312038984,
    0.0,
    0.1111980506075616,
    -1.0642505986394744,
    1.3792859921989895,
    1.0
  ]
}