{
  "intrinsics": [
    533.8344319661458,
    0.0,
    0.0,
    0.0,
    533.8344319661458,
    0.0,
    314.95316569010413,
    241.70369466145831,
    1.0
  ],
  "extrinsics": [
    0.052397601300043194,
    -0.6578917939980733,
    0.7512874779704283,
    0.0,
    -0.99853593273371,
    -0.04463519885182161,
    0.030555106475059147,
    0.0,
    0.013431890229440455,
    -0.7517885739896815,
    -0.6592673556743883,
    0.0,
    0.0744638824620365,
    -1.0020218105899314,
    1.4240847327615591,
    1.0
  ]
}