{
  "intrinsics": [
    533.8344319661458,
    0.0,
    0.0,
    0.0,
    533.8344319661458,
    0.0,
    314.95304361979163,
    241.6983439127604,
    1.0
  ],
  "extrinsics": [
    0.02675528385390888,
    -0.64813934823724,
    0.7610515999857299,
    0.0,
    -0.9996313290769943,
    -0.02087406211478083,
    0.017365615803993668,
    0.0,
    0.004630903351071371,
    -0.7612355295173048,
    -0.6484588762300194,
    0.0,
    0.019676324202527073,
    -0.9749013782656495,
    1.4396541526109268,
    1.0
  ]
}