{
  "intrinsics": [
    533.8344319661458,
    0.0,
    0.0,
    0.0,
    533.8344319661458,
    0.0,
    314.9645792643229,
    241.70790608723956,
    1.0
  ],
  "extrinsics": [
    -0.012434255697068044,
    -0.6624267511671459,
    0.7490234475366336,
    0.0,
    -0.9998741141742,
    0.0008502867452033359,
    -0.01584660768520874,
    0.0,
    0.00986028238381149,
    -0.7491261738173713,
    -0.6623539345521163,
    0.0,
    -0.07181748223536744,
    -0.9963432825457064,
    1.407408310304399,
    1.0
  ]
}