{
  "intrinsics": [
    533.5331624348958,
    0.0,
    0.0,
    0.0,
    533.5331624348958,
    0.0,
    314.9610595703125,
    241.73964436848956,
    1.0
  ],
  "extrinsics": [
    -0.05249396516966499,
    -0.7023845661386643,
    0.7098591975385621,
    0.0,
    -0.9984754425163901,
    0.024772039962615115,
    -0.049325905776988935,
    0.0,
    0.017061074678719684,
    -0.7113662899335669,
    -0.7026141502809519,
    0.0,
    -0.17963764036134267,
    -1.063896714563476,
    1.314297301292267,
    1.0
  ]
}