{
  "intrinsics": [
    533.6837972005208,
    0.0,
    0.0,
    0.0,
    533.6837972005208,
    0.0,
    314.94586181640625,
    241.77994791666666,
    1.0
  ],
  "extrinsics": [
    -0.09230925169955209,
    -0.7443225143561714,
    0.6614098370055992,
    0.0,
    -0.9955693681684152,
    0.057046192517903695,
    -0.07474864652796814,
    0.0,
    0.01790615564797532,
    -0.6653793855719385,
    -0.7462906479949206,
    0.0,
    -0.29733070414445306,
    -1.12611238461197,
    1.1932211075020591,
    1.0
  ]
}