{
  "intrinsics": [
    533.5331624348958,
    0.0,
    0.0,
    0.0,
    533.5331624348958,
    0.0,
    314.93634033203125,
    241.80922444661456,
    1.0
  ],
  "extrinsics": [
    -0.12956201894965852,
    -0.7706605253822109,
    0.6239359916498222,
    0.0,
    -0.9913832383470054,
    0.08841905085677013,
    -0.09665176716121733,
    0.0,
    0.019317845114095653,
    -0.6310820344876977,
    -0.7754756210920544,
    0.0,
    -0.4207835920000824,
    -1.1457990460821235,
    1.085958213175695,
    1.0
  ]
}