{
  "intrinsics": [
    533.5331624348958,
    0.0,
    0.0,
    0.0,
    533.5331624348958,
    0.0,
    314.94276936848956,
    241.84368896484375,
    1.0
  ],
  "extrinsics": [
    -0.15751205748779223,
    -0.797678187060358,
    0.5821507106520627,
    0.0,
    -0.9870606269758847,
    0.10925203886807461,
    -0.11736821265583784,
    0.0,
    0.030020949715603353,
    -0.5931049698364514,
    -0.8045652537055382,
    0.0,
    -0.5295308133617098,
    -1.1603356339582918,
    0.9683149340231384,
    1.0
  ]
}