{
  "intrinsics": [
    529.9179280598958,
    0.0,
    0.0,
    0.0,
    529.9179280598958,
    0.0,
    315.1253662109375,
    241.49049886067706,
    1.0
  ],
  "extrinsics": [
    -0.5660450672983405,
    0.08698475647877552,
    0.8197723382929791,
    0.0,
    -0.8243725816188678,
    -0.057657090934947516,
    -0.563103514042542,
    0.0,
    -0.0017157329610872003,
    -0.9945397603470596,
    0.10434435164565543,
    0.0,
    -0.29983911261445284,
    0.5943215467294419,
    0.8301216623482617,
    1.0
  ]
}