{
  "intrinsics": [
    533.3825276692708,
    0.0,
    0.0,
    0.0,
    533.3825276692708,
    0.0,
    314.92987060546875,
    241.88553873697916,
    1.0
  ],
  "extrinsics": [
    -0.17072120800886054,
    -0.8287363368920609,
    0.5329639320828943,
    0.0,
    -0.9848733140741641,
    0.12724951466950138,
    -0.11761102740735375,
    0.0,
    0.029649102832224668,
    -0.5449806286401044,
    -0.8379244023538305,
    0.0,
    -0.6063023352208448,
    -1.1803780793278988,
    0.8422960307218493,
    1.0
  ]
}