{
  "intrinsics": [
    533.3825276692708,
    0.0,
    0.0,
    0.0,
    533.3825276692708,
    0.0,
    314.9052530924479,
    241.91776529947916,
    1.0
  ],
  "extrinsics": [
    -0.18097943123636026,
    -0.8470381290338058,
    0.49977279454444923,
    0.0,
    -0.9830158245010902,
    0.14006901765135873,
    -0.11857764428415778,
    0.0,
    0.03043711893694721,
    -0.5127446955948419,
    -0.8580014141619048,
    0.0,
    -0.6610628754536405,
    -1.1847049862932368,
    0.7544631046094075,
    1.0
  ]
}