{
  "intrinsics": [
    533.3825276692708,
    0.0,
    0.0,
    0.0,
    533.3825276692708,
    0.0,
    314.816162109375,
    241.93507893880206,
    1.0
  ],
  "extrinsics": [
    -0.19597421516907582,
    -0.8513710425002815,
    0.48658149793718747,
    0.0,
    -0.9804372281630099,
    0.16082738394584628,
    -0.11347876787238881,
    0.0,
    0.018356881617706582,
    -0.4993015218905408,
    -0.8662338121372791,
    0.0,
    -0.7025486313414904,
    -1.1665494568591253,
    0.7062479680315247,
    1.0
  ]
}