{
  "intrinsics": [
    533.3825276692708,
    0.0,
    0.0,
    0.0,
    533.3825276692708,
    0.0,
    314.75528971354163,
    241.9468994140625,
    1.0
  ],
  "extrinsics": [
    -0.20799943478987204,
    -0.8574183696785098,
    0.47071196167659946,
    0.0,
    -0.97812821955744,
    0.181773429273638,
    -0.10111124142948191,
    0.0,
    0.0011317516695619962,
    -0.48144779891869877,
    -0.8764739721710307,
    0.0,
    -0.7224179771982251,
    -1.148798666141594,
    0.6656741805689893,
    1.0
  ]
}