{
  "intrinsics": [
    533.3825276692708,
    0.0,
    0.0,
    0.0,
    533.3825276692708,
    0.0,
    314.74822998046875,
    241.9460245768229,
    1.0
  ],
  "extrinsics": [
    -0.23956972264587814,
    -0.8556287931241432,
    0.4588090016099211,
    0.0,
    -0.9708573775118955,
    0.20796063223263683,
    -0.1191148914849344,
    0.0,
    0.006503972993382805,
    -0.4739743925159122,
    -0.8805146451049936,
    0.0,
    -0.7529292902099871,
    -1.11036312131488,
    0.6187002684668576,
    1.0
  ]
}