{
  "intrinsics": [
    533.3825276692708,
    0.0,
    0.0,
    0.0,
    533.3825276692708,
    0.0,
    314.7732747395833,
    241.93359375,
    1.0
  ],
  "extrinsics": [
    -0.2954100281033494,
    -0.8346507270223927,
    0.4648559162603264,
    0.0,
    -0.9551581219356438,
    0.24776354436986026,
    -0.16213044791586642,
    0.0,
    0.020147967689105723,
    -0.4919058826697762,
    -0.870415262682494,
    0.0,
    -0.7959317828594115,
    -1.0295488586169,
    0.5931983650646449,
    1.0
  ]
}