{
  "intrinsics": [
    533.5331624348958,
    0.0,
    0.0,
    0.0,
    533.5331624348958,
    0.0,
    314.77199300130206,
    241.91768391927081,
    1.0
  ],
  "extrinsics": [
    -0.3796404881688242,
    -0.7969714981332136,
    0.4697973588931465,
    0.0,
    -0.9250152368769402,
    0.3188651740802731,
    -0.2065715727854916,
    0.0,
    0.014829689726376428,
    -0.5129926674401578,
    -0.8582649245551593,
    0.0,
    -0.8531347144394159,
    -0.9090418133330513,
    0.5715756590990925,
    1.0
  ]
}