{
  "intrinsics": [
    533.5331624348958,
    0.0,
    0.0,
    0.0,
    533.5331624348958,
    0.0,
    314.7430013020833,
    241.91827392578125,
    1.0
  ],
  "extrinsics": [
    -0.45616001987091337,
    -0.7627157165537143,
    0.4584570635940495,
    0.0,
    -0.889896683742205,
    0.3917920105794219,
    -0.23363007062833718,
    0.0,
    -0.0014264812821225118,
    -0.5145520837187032,
    -0.8574579596659637,
    0.0,
    -0.8926234751038995,
    -0.8036813531676327,
    0.5355586926240267,
    1.0
  ]
}