{
  "intrinsics": [
    533.3825276692708,
    0.0,
    0.0,
    0.0,
    533.3825276692708,
    0.0,
    314.74196370442706,
    241.9107666015625,
    1.0
  ],
  "extrinsics": [
    -0.498668462110648,
    -0.7364581528782451,
    0.45712053328205215,
    0.0,
    -0.866784876701137,
    0.42594563925860146,
    -0.25933440076657716,
    0.0,
    -0.0037195819563356457,
    -0.5255470460292019,
    -0.8507564222939411,
    0.0,
    -0.8989184149871821,
    -0.7300809160940305,
    0.5116579920508497,
    1.0
  ]
}