{
  "intrinsics": [
    533.5331624348958,
    0.0,
    0.0,
    0.0,
    533.5331624348958,
    0.0,
    314.79945882161456,
    241.88600667317706,
    1.0
  ],
  "extrinsics": [
    -0.504061020617328,
    -0.7229293883285596,
    0.4725415933447683,
    0.0,
    -0.863634426894701,
    0.4170795270454756,
    -0.2831610594568164,
    0.0,
    0.007618001464932818,
    -0.5508336638853232,
    -0.8345802562665705,
    0.0,
    -0.8796038910976489,
    -0.6879159616647931,
    0.5124217164611234,
    1.0
  ]
}