{
  "intrinsics": [
    534.4369710286458,
    0.0,
    0.0,
    0.0,
    534.4369710286458,
    0.0,
    315.11110432942706,
    241.48577880859375,
    1.0
  ],
  "extrinsics": [
    -0.5717450298330292,
    0.03051512747239647,
    0.8198637547306229,
    0.0,
    -0.8204231656190922,
    -0.025756242069224482,
    -0.5711765171279695,
    0.0,
    0.0036870859575540097,
    -0.9992024957900255,
    0.0397613224492139,
    0.0,
    -0.27440493346619377,
    0.5034187252469252,
    0.8083108134319572,
    1.0
  ]
}