{
  "intrinsics": [
    533.5331624348958,
    0.0,
    0.0,
    0.0,
    533.5331624348958,
    0.0,
    314.82720947265625,
    241.85673014322916,
    1.0
  ],
  "extrinsics": [
    -0.4814863337325814,
    -0.7148568521434272,
    0.5071000699461795,
    0.0,
    -0.8763497273690078,
    0.3837633486941657,
    -0.2910957200088862,
    0.0,
    0.01348533329942913,
    -0.5845557131989761,
    -0.8112415030410753,
    0.0,
    -0.8390135206673637,
    -0.6532647596649148,
    0.5378774963124983,
    1.0
  ]
}