{
  "intrinsics": [
    533.5331624348958,
    0.0,
    0.0,
    0.0,
    533.5331624348958,
    0.0,
    314.79058837890625,
    241.775634765625,
    1.0
  ],
  "extrinsics": [
    -0.43970104878663874,
    -0.6576412625477531,
    0.6116952110279731,
    0.0,
    -0.8978116064634852,
    0.3403723813428984,
    -0.27942968409212093,
    0.0,
    -0.024439665012382292,
    -0.6720526012843765,
    -0.7401000010739388,
    0.0,
    -0.7894287547475258,
    -0.5490474332594623,
    0.6611917239485933,
    1.0
  ]
}