{
  "intrinsics": [
    533.8344319661458,
    0.0,
    0.0,
    0.0,
    533.8344319661458,
    0.0,
    314.79217529296875,
    241.68377685546875,
    1.0
  ],
  "extrinsics": [
    -0.38278967873434105,
    -0.5701773389824202,
    0.726890572155627,
    0.0,
    -0.9226672365382292,
    0.2755113257150254,
    -0.26977533310994073,
    0.0,
    -0.04644676346436568,
    -0.7739453661322524,
    -0.6315467713570899,
    0.0,
    -0.7297398769700112,
    -0.4024375376308636,
    0.793186283447276,
    1.0
  ]
}