{
  "intrinsics": [
    534.2863362630208,
    0.0,
    0.0,
    0.0,
    534.2863362630208,
    0.0,
    314.8407796223958,
    241.5646769205729,
    1.0
  ],
  "extrinsics": [
    -0.3266251951970056,
    -0.37882006384732403,
    0.8659164185758735,
    0.0,
    -0.9429805845171146,
    0.1927050504136116,
    -0.2713895594506616,
    0.0,
    -0.06405867489062665,
    -0.9051851500506352,
    -0.42016231563640477,
    0.0,
    -0.6685366284465313,
    -0.13852016587128374,
    0.9330366816026089,
    1.0
  ]
}