{
  "intrinsics": [
    534.5876057942708,
    0.0,
    0.0,
    0.0,
    534.5876057942708,
    0.0,
    314.88382975260413,
    241.4974161783854,
    1.0
  ],
  "extrinsics": [
    -0.26973832870469355,
    -0.15575451610136337,
    0.9502535461586663,
    0.0,
    -0.958770534829727,
    0.13510681740589947,
    -0.2500107014818135,
    0.0,
    -0.08944540785232954,
    -0.9785125028614287,
    -0.18577629996424375,
    0.0,
    -0.5991939309678704,
    0.1721826377558113,
    1.0064737629838494,
    1.0
  ]
}