{
  "intrinsics": [
    534.8888753255208,
    0.0,
    0.0,
    0.0,
    534.8888753255208,
    0.0,
    314.9240519205729,
    241.4824015299479,
    1.0
  ],
  "extrinsics": [
    -0.2436433856229402,
    0.010461176688444054,
    0.9698085351653308,
    0.0,
    -0.9646154054378082,
    0.1012852086316722,
    -0.24343126953302524,
    0.0,
    -0.1007738401866985,
    -0.9948025611231501,
    -0.014586451952455665,
    0.0,
    -0.5576084234925571,
    0.3941322184331178,
    0.9955461274257087,
    1.0
  ]
}