{
  "intrinsics": [
    535.0395100911458,
    0.0,
    0.0,
    0.0,
    535.0395100911458,
    0.0,
    314.98388671875,
    241.48848470052081,
    1.0
  ],
  "extrinsics": [
    -0.24430460060922046,
    0.14087148194652185,
    0.9594115029790793,
    0.0,
    -0.9650460546434103,
    0.06148199404601134,
    -0.2547668095650084,
    0.0,
    -0.09487589908407305,
    -0.9881170063779489,
    0.12092712892797035,
    0.0,
    -0.533711185517729,
    0.5578869628110921,
    0.9361723577513891,
    1.0
  ]
}