{
  "intrinsics": [
    535.1901448567708,
    0.0,
    0.0,
    0.0,
    535.1901448567708,
    0.0,
    315.0296223958333,
    241.51344807942706,
    1.0
  ],
  "extrinsics": [
    -0.2531904385646847,
    0.2801174380417468,
    0.9259745355144703,
    0.0,
    -0.9624196655834133,
    0.024225112283185978,
    -0.270484056019018,
    0.0,
    -0.0981991556325379,
    -0.9596600619435074,
    0.26345694031490835,
    0.0,
    -0.5040572696565988,
    0.7169555557494327,
    0.8434334663963873,
    1.0
  ]
}