{
  "intrinsics": [
    535.1901448567708,
    0.0,
    0.0,
    0.0,
    535.1901448567708,
    0.0,
    315.08107503255206,
    241.53641764322916,
    1.0
  ],
  "extrinsics": [
    -0.2852115626127182,
    0.35379667724836494,
    0.8907761483889991,
    0.0,
    -0.9547101049464604,
    -0.022687214791634883,
    -0.29667132457568673,
    0.0,
    -0.08475212663494255,
    -0.9350471727238051,
    0.34424392170116486,
    0.0,
    -0.4921897511092439,
    0.7862204988222821,
    0.7628120001274652,
    1.0
  ]
}