{
  "intrinsics": [
    535.1901448567708,
    0.0,
    0.0,
    0.0,
    535.1901448567708,
    0.0,
    315.1053466796875,
    241.55570475260416,
    1.0
  ],
  "extrinsics": [
    -0.3504174974288343,
    0.40126421297794,
    0.8462828336721314,
    0.0,
    -0.932971051946878,
    -0.07015370253380954,
    -0.35304884981070744,
    0.0,
    -0.08229604744625668,
    -0.913271878967714,
    0.3989509642194452,
    0.0,
    -0.49923592770314773,
    0.8218649443855623,
    0.6731106601678166,
    1.0
  ]
}