{
  "intrinsics": [
    534.4369710286458,
    0.0,
    0.0,
    0.0,
    534.4369710286458,
    0.0,
    315.08831787109375,
    241.48431396484375,
    1.0
  ],
  "extrinsics": [
    -0.5767410176576648,
    -0.013684614727868256,
    0.8168124382357582,
    0.0,
    -0.8169238105686488,
    0.006825858126332832,
    -0.5767052044702506,
    0.0,
    0.0023165430993861594,
    -0.9998830696114843,
    -0.015116039741507457,
    0.0,
    -0.25364633128809144,
    0.4283980363039577,
    0.7619273316208632,
    1.0
  ]
}