{
  "intrinsics": [
    535.4914143880208,
    0.0,
    0.0,
    0.0,
    535.4914143880208,
    0.0,
    315.1022745768229,
    241.56374104817706,
    1.0
  ],
  "extrinsics": [
    -0.4015618810022348,
    0.41862048284060993,
    0.8145581206312765,
    0.0,
    -0.9115850967113369,
    -0.09714561358936451,
    -0.39946885636918283,
    0.0,
    -0.0880951097562162,
    -0.9029505074433973,
    0.42061809857012555,
    0.0,
    -0.4861085899281572,
    0.8319793895261367,
    0.619102826766526,
    1.0
  ]
}