{
  "intrinsics": [
    535.3407796223958,
    0.0,
    0.0,
    0.0,
    535.3407796223958,
    0.0,
    315.1099446614583,
    241.5679931640625,
    1.0
  ],
  "extrinsics": [
    -0.4413566541315659,
    0.4222757382950487,
    0.791762354383651,
    0.0,
    -0.8932837912499916,
    -0.12304447706975516,
    -0.43232420853040776,
    0.0,
    -0.08513804382242367,
    -0.8980776738714528,
    0.4315185287580935,
    0.0,
    -0.473023923130961,
    0.8328210460191141,
    0.5842453951207764,
    1.0
  ]
}