{
  "intrinsics": [
    535.3407796223958,
    0.0,
    0.0,
    0.0,
    535.3407796223958,
    0.0,
    315.1446329752604,
    241.5615030924479,
    1.0
  ],
  "extrinsics": [
    -0.48329670258877594,
    0.39280093942589933,
    0.7823886007488078,
    0.0,
    -0.8733108506284621,
    -0.15377967464808837,
    -0.46225553071887127,
    0.0,
    -0.06125892569403899,
    -0.9066750144783428,
    0.41735846663496345,
    0.0,
    -0.4764097137168499,
    0.7983866662047073,
    0.5666561906921962,
    1.0
  ]
}