{
  "intrinsics": [
    535.3407796223958,
    0.0,
    0.0,
    0.0,
    535.3407796223958,
    0.0,
    315.188232421875,
    241.570068359375,
    1.0
  ],
  "extrinsics": [
    -0.5139440786633485,
    0.3903865645376611,
    0.7638453670500882,
    0.0,
    -0.8566878564860249,
    -0.18777434369152593,
    -0.4804442024873823,
    0.0,
    -0.044128410948923634,
    -0.9012985896588884,
    0.43094490328271257,
    0.0,
    -0.47180105396192795,
    0.772081930776791,
    0.5232234814118129,
    1.0
  ]
}