{
  "intrinsics": [
    535.1901448567708,
    0.0,
    0.0,
    0.0,
    535.1901448567708,
    0.0,
    315.1699015299479,
    241.5555419921875,
    1.0
  ],
  "extrinsics": [
    -0.5954452101485246,
    0.3450872662211231,
    0.7255065998217769,
    0.0,
    -0.8020040974369228,
    -0.20218855996739654,
    -0.5620579912393341,
    0.0,
    -0.047269928526086066,
    -0.9165340498612831,
    0.3971536191122477,
    0.0,
    -0.506329545547084,
    0.7100074930688349,
    0.4630892686451338,
    1.0
  ]
}