{
  "intrinsics": [
    535.3407796223958,
    0.0,
    0.0,
    0.0,
    535.3407796223958,
    0.0,
    315.0930989583333,
    241.5612589518229,
    1.0
  ],
  "extrinsics": [
    -0.6613484957037348,
    0.3690572155205403,
    0.653004542094468,
    0.0,
    -0.7438662224201124,
    -0.2108886590188882,
    -0.6341837344319815,
    0.0,
    -0.09633881695752837,
    -0.9051644950405081,
    0.4140001025554521,
    0.0,
    -0.5041323487361566,
    0.6964965548794615,
    0.3479772218169581,
    1.0
  ]
}