{
  "intrinsics": [
    535.3407796223958,
    0.0,
    0.0,
    0.0,
    535.3407796223958,
    0.0,
    315.05704752604163,
    241.56170654296875,
    1.0
  ],
  "extrinsics": [
    -0.6822831330372287,
    0.3755477111789242,
    0.6272588436303703,
    0.0,
    -0.7219213760957043,
    -0.21064285097420313,
    -0.659135146865662,
    0.0,
    -0.11540908533531853,
    -0.9025483768412855,
    0.41483398620217704,
    0.0,
    -0.46870690116799163,
    0.6758602487305478,
    0.2736424303508691,
    1.0
  ]
}