{
  "intrinsics": [
    535.1901448567708,
    0.0,
    0.0,
    0.0,
    535.1901448567708,
    0.0,
    315.05031331380206,
    241.5579833984375,
    1.0
  ],
  "extrinsics": [
    -0.6931865863366036,
    0.3741496650862254,
    0.6160392415036545,
    0.0,
    -0.7134551999899255,
    -0.2348289654829388,
    -0.6601795178983608,
    0.0,
    -0.10234207418281162,
    -0.8971440226544487,
    0.42971933311235117,
    0.0,
    -0.4259236401979831,
    0.6523546268935556,
    0.2119319696927373,
    1.0
  ]
}