{
  "intrinsics": [
    535.1901448567708,
    0.0,
    0.0,
    0.0,
    535.1901448567708,
    0.0,
    315.0927327473958,
    241.55816650390625,
    1.0
  ],
  "extrinsics": [
    -0.7328692738604968,
    0.3478795284750225,
    0.5847071929293507,
    0.0,
    -0.6756014666407887,
    -0.2705322478349859,
    -0.685838927272484,
    0.0,
    -0.08040717255154373,
    -0.8976592722424409,
    0.4332926997144043,
    0.0,
    -0.3930292147313701,
    0.6123387117362195,
    0.153741919067941,
    1.0
  ]
}