{
  "intrinsics": [
    535.1901448567708,
    0.0,
    0.0,
    0.0,
    535.1901448567708,
    0.0,
    315.10479736328125,
    241.5568644205729,
    1.0
  ],
  "extrinsics": [
    -0.7602891579597228,
    0.3354775201845847,
    0.5562510760257385,
    0.0,
    -0.6455259690491503,
    -0.2946198760085067,
    -0.7046243008998381,
    0.0,
    -0.07250299306633454,
    -0.8947927163329464,
    0.44055572988576136,
    0.0,
    -0.33670270621297327,
    0.5858392451567522,
    0.11785869895354772,
    1.0
  ]
}