{
  "intrinsics": [
    534.4369710286458,
    0.0,
    0.0,
    0.0,
    534.4369710286458,
    0.0,
    315.0779825846354,
    241.48555501302081,
    1.0
  ],
  "extrinsics": [
    -0.5911255039871179,
    -0.053673976018824024,
    0.8047917305372394,
    0.0,
    -0.806552585550917,
    0.03117157325617139,
    -0.5903399130637341,
    0.0,
    0.006599270074634443,
    -0.9980718704514759,
    -0.06171719238140414,
    0.0,
    -0.24754544320933158,
    0.37111086932152,
    0.69283384790034,
    1.0
  ]
}