{
  "intrinsics": [
    535.3407796223958,
    0.0,
    0.0,
    0.0,
    535.3407796223958,
    0.0,
    315.11138916015625,
    241.56207275390625,
    1.0
  ],
  "extrinsics": [
    -0.7968835622985729,
    0.3273103865316549,
    0.5077839895911285,
    0.0,
    -0.5995432247006153,
    -0.3250492341572439,
    -0.7313624018240752,
    0.0,
    -0.07432771521775565,
    -0.8872491053355257,
    0.4552630626036526,
    0.0,
    -0.26692433455652487,
    0.5677798822847138,
    0.0903634484413336,
    1.0
  ]
}