{
  "intrinsics": [
    535.3407796223958,
    0.0,
    0.0,
    0.0,
    535.3407796223958,
    0.0,
    315.09808349609375,
    241.55961100260416,
    1.0
  ],
  "extrinsics": [
    -0.8321797241259883,
    0.3106062002643373,
    0.4593481295050668,
    0.0,
    -0.5481769130802228,
    -0.3360209878091023,
    -0.7658929060430558,
    0.0,
    -0.08354048604313569,
    -0.8891645665697556,
    0.4498969734578977,
    0.0,
    -0.18889408124582885,
    0.564120322772506,
    0.07892794381236912,
    1.0
  ]
}