{
  "intrinsics": [
    535.3407796223958,
    0.0,
    0.0,
    0.0,
    535.3407796223958,
    0.0,
    315.083984375,
    241.54994710286456,
    1.0
  ],
  "extrinsics": [
    -0.8757095455907754,
    0.27630675886208056,
    0.39596377712679615,
    0.0,
    -0.47431742582561015,
    -0.33890123282885876,
    -0.8125078114610209,
    0.0,
    -0.09030879555243133,
    -0.8993333452308601,
    0.42783616625927684,
    0.0,
    -0.13383655510866865,
    0.5565188923900655,
    0.07344025819327005,
    1.0
  ]
}