{
  "intrinsics": [
    535.1901448567708,
    0.0,
    0.0,
    0.0,
    535.1901448567708,
    0.0,
    315.14029947916663,
    241.54524739583331,
    1.0
  ],
  "extrinsics": [
    -0.9034442852949709,
    0.22469300762536362,
    0.3651045064613578,
    0.0,
    -0.4248566336268294,
    -0.35540145345672935,
    -0.8325781801209288,
    0.0,
    -0.057315826330867216,
    -0.9073051654485581,
    0.41654773554294183,
    0.0,
    -0.10089898308396483,
    0.541509674558411,
    0.07287682732411538,
    1.0
  ]
}