{
  "intrinsics": [
    535.3407796223958,
    0.0,
    0.0,
    0.0,
    535.3407796223958,
    0.0,
    315.1645100911458,
    241.5445353190104,
    1.0
  ],
  "extrinsics": [
    -0.9229885853924893,
    0.19644936148258804,
    0.3309072084222101,
    0.0,
    -0.38221203054836245,
    -0.36789677487199046,
    -0.8476826410234664,
    0.0,
    -0.04478703066900906,
    -0.908878205469591,
    0.4146498987548148,
    0.0,
    -0.06506309592031578,
    0.5270750634770317,
    0.06337710423980525,
    1.0
  ]
}