{
  "intrinsics": [
    535.1901448567708,
    0.0,
    0.0,
    0.0,
    535.1901448567708,
    0.0,
    315.1738077799479,
    241.54597981770831,
    1.0
  ],
  "extrinsics": [
    -0.9369873745475961,
    0.17815826455808673,
    0.300523300680333,
    0.0,
    -0.3468746249948098,
    -0.3719268718974023,
    -0.861015897733393,
    0.0,
    -0.04162441861029226,
    -0.9110049544573721,
    0.4102893837152774,
    0.0,
    -0.020412011637120697,
    0.5088381394206211,
    0.046282786646171914,
    1.0
  ]
}