{
  "intrinsics": [
    535.1901448567708,
    0.0,
    0.0,
    0.0,
    535.1901448567708,
    0.0,
    315.17252604166663,
    241.55706787109375,
    1.0
  ],
  "extrinsics": [
    -0.9438222832610451,
    0.17267681389422235,
    0.281748356756595,
    0.0,
    -0.32737729257541204,
    -0.3725361347831485,
    -0.8683552680398489,
    0.0,
    -0.04498338070520189,
    -0.9118111507120742,
    0.4081384092103171,
    0.0,
    0.03843027704630675,
    0.48608324355945287,
    0.023457204877527893,
    1.0
  ]
}