{
  "intrinsics": [
    535.3407796223958,
    0.0,
    0.0,
    0.0,
    535.3407796223958,
    0.0,
    315.1602579752604,
    241.56180826822916,
    1.0
  ],
  "extrinsics": [
    -0.9540192257766787,
    0.16432233821637765,
    0.25068992586272315,
    0.0,
    -0.29579268752358767,
    -0.380729974357126,
    -0.8761000837991078,
    0.0,
    -0.04851765292319207,
    -0.9099685756509664,
    0.41182909878061363,
    0.0,
    0.10491830958451542,
    0.46397424267872966,
    -0.013345009283615372,
    1.0
  ]
}