{
  "intrinsics": [
    535.3407796223958,
    0.0,
    0.0,
    0.0,
    535.3407796223958,
    0.0,
    315.1867268880208,
    241.55446370442706,
    1.0
  ],
  "extrinsics": [
    -0.9598832003961661,
    0.14201272837271128,
    0.24177781261669803,
    0.0,
    -0.2783950442660073,
    -0.3797421324700258,
    -0.8822085621699396,
    0.0,
    -0.03347162998130152,
    -0.9141270655027122,
    0.4040437700916104,
    0.0,
    0.17517449156066012,
    0.4476595201640118,
    -0.042038699691259396,
    1.0
  ]
}