{
  "intrinsics": [
    537.4496663411458,
    0.0,
    0.0,
    0.0,
    537.4496663411458,
    0.0,
    315.22743733723956,
    241.5499064127604,
    1.0
  ],
  "extrinsics": [
    -0.9752520022164253,
    0.09806834060884496,
    0.1981568166669216,
    0.0,
    -0.22085246020610527,
    -0.3900312367042262,
    -0.8939238144083137,
    0.0,
    -0.010378305200258195,
    -0.9155644414381312,
    0.40203740607518695,
    0.0,
    0.237146192111495,
    0.4443649671885095,
    -0.05542533410949746,
    1.0
  ]
}