{
  "intrinsics": [
    532.3280843098958,
    0.0,
    0.0,
    0.0,
    532.3280843098958,
    0.0,
    314.88970947265625,
    241.92378743489581,
    1.0
  ],
  "extrinsics": [
    0.234835495348057,
    -0.8296729776095486,
    0.506453571160494,
    0.0,
    -0.970870237251358,
    -0.22570334989730687,
    0.08043142496288598,
    0.0,
    0.0475765097461975,
    -0.5105887995470209,
    -0.8585078451052242,
    0.0,
    0.5384889577613059,
    -0.7612031282201663,
    0.4873746835732839,
    1.0
  ]
}