{
  "intrinsics": [
    534.2863362630208,
    0.0,
    0.0,
    0.0,
    534.2863362630208,
    0.0,
    315.07476806640625,
    241.4893798828125,
    1.0
  ],
  "extrinsics": [
    -0.6054027314263666,
    -0.09448854111882067,
    0.7902907081082806,
    0.0,
    -0.7957964602529569,
    0.05441777886239993,
    -0.6031140815987782,
    0.0,
    0.01398150288891764,
    -0.9940374401233849,
    -0.10813832475758513,
    0.0,
    -0.23899424326930419,
    0.3235298911497607,
    0.6209648349299051,
    1.0
  ]
}