{
  "intrinsics": [
    535.3407796223958,
    0.0,
    0.0,
    0.0,
    535.3407796223958,
    0.0,
    315.2287190755208,
    241.55342610677081,
    1.0
  ],
  "extrinsics": [
    -0.990268235919068,
    0.07003737856526904,
    0.12026437049595128,
    0.0,
    -0.13845341237322223,
    -0.4080972826660841,
    -0.9023786607203264,
    0.0,
    -0.014120699369846758,
    -0.910247972076224,
    0.41382268920757503,
    0.0,
    0.3001530941443875,
    0.4493559994943763,
    -0.047472567556805956,
    1.0
  ]
}