{
  "intrinsics": [
    533.0812581380208,
    0.0,
    0.0,
    0.0,
    533.0812581380208,
    0.0,
    315.20635986328125,
    241.55385335286456,
    1.0
  ],
  "extrinsics": [
    -0.9993888638425582,
    0.03489959643095724,
    0.002035147095289796,
    0.0,
    -0.016440246259616563,
    -0.4178115097291005,
    -0.908385097711809,
    0.0,
    -0.03085195271905312,
    -0.9078633180903557,
    0.4181298869280866,
    0.0,
    0.3555988628512774,
    0.46565854255080263,
    -0.005199966058627492,
    1.0
  ]
}