{
  "intrinsics": [
    534.5876057942708,
    0.0,
    0.0,
    0.0,
    534.5876057942708,
    0.0,
    315.20048014322913,
    241.54140218098956,
    1.0
  ],
  "extrinsics": [
    -0.994397245377603,
    -0.012117557482854186,
    -0.10501088802267856,
    0.0,
    0.10154195679535341,
    -0.38562939167892585,
    -0.9170491289147255,
    0.0,
    -0.029382900961039012,
    -0.9225742097414716,
    0.3846992541795951,
    0.0,
    0.388934304444614,
    0.4949146384020431,
    0.05850909574986751,
    1.0
  ]
}