{
  "intrinsics": [
    534.5876057942708,
    0.0,
    0.0,
    0.0,
    534.5876057942708,
    0.0,
    315.2000528971354,
    241.54093424479166,
    1.0
  ],
  "extrinsics": [
    -0.9763457000293589,
    -0.05284784997614546,
    -0.20965736159292966,
    0.0,
    0.2137182772997188,
    -0.38282780983692394,
    -0.8987587961638371,
    0.0,
    -0.032765157821990805,
    -0.9223068593142156,
    0.3850668323971988,
    0.0,
    0.406418574412246,
    0.5219636506541012,
    0.10570050978167522,
    1.0
  ]
}