{
  "intrinsics": [
    534.7382405598958,
    0.0,
    0.0,
    0.0,
    534.7382405598958,
    0.0,
    315.25150553385413,
    241.55594889322916,
    1.0
  ],
  "extrinsics": [
    -0.9461698457185587,
    -0.1247504783238952,
    -0.2986635795558219,
    0.0,
    0.3233632593101727,
    -0.4045255822523148,
    -0.8554502160966769,
    0.0,
    -0.01409927147798288,
    -0.9059781045717811,
    0.4230896125128792,
    0.0,
    0.394453856502972,
    0.5553747228589152,
    0.12613412138842062,
    1.0
  ]
}