{
  "intrinsics": [
    534.7382405598958,
    0.0,
    0.0,
    0.0,
    534.7382405598958,
    0.0,
    315.2941691080729,
    241.58687337239581,
    1.0
  ],
  "extrinsics": [
    -0.9238110388853454,
    -0.18545558006601792,
    -0.33493222607700623,
    0.0,
    0.3828083173608197,
    -0.46020240499073467,
    -0.8010440470159829,
    0.0,
    -0.0055785150609850166,
    -0.8682280632752937,
    0.49613392116359345,
    0.0,
    0.38343328858278364,
    0.587305751299092,
    0.10270937268139102,
    1.0
  ]
}