{
  "intrinsics": [
    534.8888753255208,
    0.0,
    0.0,
    0.0,
    534.8888753255208,
    0.0,
    315.345947265625,
    241.61812337239581,
    1.0
  ],
  "extrinsics": [
    -0.8900360849283726,
    -0.2584012059234541,
    -0.3755855341578087,
    0.0,
    0.45578811156694565,
    -0.48694107352834193,
    -0.7450808711137393,
    0.0,
    0.009641714237466252,
    -0.8343363538065921,
    0.5511713013015115,
    0.0,
    0.36314184006156874,
    0.6240832847339233,
    0.08105425481162909,
    1.0
  ]
}