{
  "intrinsics": [
    534.8888753255208,
    0.0,
    0.0,
    0.0,
    534.8888753255208,
    0.0,
    315.39626057942706,
    241.6259765625,
    1.0
  ],
  "extrinsics": [
    -0.8197938725233765,
    -0.3434048561560932,
    -0.4582698160983186,
    0.0,
    0.5716821789908065,
    -0.44404955173007393,
    -0.6899272332138564,
    0.0,
    0.03342983938435646,
    -0.8275828345676473,
    0.5603474253210485,
    0.0,
    0.32479311598050986,
    0.6612942684450991,
    0.09908182651620656,
    1.0
  ]
}