{
  "intrinsics": [
    534.8888753255208,
    0.0,
    0.0,
    0.0,
    534.8888753255208,
    0.0,
    315.43585205078125,
    241.63344319661456,
    1.0
  ],
  "extrinsics": [
    -0.7439442379249315,
    -0.4097692993390499,
    -0.5278598873735162,
    0.0,
    0.6663371125002636,
    -0.3952942277087496,
    -0.6322478057197634,
    0.0,
    0.05041574343731812,
    -0.822089785375311,
    0.5671213230379385,
    0.0,
    0.29210445500039217,
    0.6956221715453179,
    0.12288224010369886,
    1.0
  ]
}