{
  "intrinsics": [
    534.8888753255208,
    0.0,
    0.0,
    0.0,
    534.8888753255208,
    0.0,
    315.4613850911458,
    241.62371826171875,
    1.0
  ],
  "extrinsics": [
    -0.6466704928917112,
    -0.450932379213385,
    -0.6152050258940434,
    0.0,
    0.75987843972959,
    -0.31069345144053934,
    -0.571011651629777,
    0.0,
    0.06634746629578103,
    -0.8367373567158715,
    0.5435701256381157,
    0.0,
    0.24103668670298917,
    0.7183356008090866,
    0.16827629091672813,
    1.0
  ]
}