{
  "intrinsics": [
    534.2863362630208,
    0.0,
    0.0,
    0.0,
    534.2863362630208,
    0.0,
    315.05729166666663,
    241.49654134114581,
    1.0
  ],
  "extrinsics": [
    -0.5930459487439749,
    -0.14630910499814148,
    0.7917639422118014,
    0.0,
    -0.8049947897427464,
    0.08731067248199934,
    -0.586822158385782,
    0.0,
    0.016727968340306123,
    -0.9853783741052123,
    -0.16955732694232895,
    0.0,
    -0.204395132945574,
    0.27448637500244133,
    0.5704852274859162,
    1.0
  ]
}