{
  "intrinsics": [
    534.7382405598958,
    0.0,
    0.0,
    0.0,
    534.7382405598958,
    0.0,
    315.4525960286458,
    241.61149088541666,
    1.0
  ],
  "extrinsics": [
    -0.5312195644543463,
    -0.46826031078876107,
    -0.7060722919608982,
    0.0,
    0.8449829295411309,
    -0.2321091297029919,
    -0.4817978121103396,
    0.0,
    0.06172096414071568,
    -0.8525594598683405,
    0.5189729832914127,
    0.0,
    0.17691511720811692,
    0.7248307404428661,
    0.21657887841390777,
    1.0
  ]
}