{
  "intrinsics": [
    534.8888753255208,
    0.0,
    0.0,
    0.0,
    534.8888753255208,
    0.0,
    315.44997151692706,
    241.602294921875,
    1.0
  ],
  "extrinsics": [
    -0.4013243419981243,
    -0.4773830193576642,
    -0.7816931765593899,
    0.0,
    0.9139213200349895,
    -0.15213407207959756,
    -0.37630188987940394,
    0.0,
    0.06071797448495221,
    -0.8654251204994616,
    0.4973455749637449,
    0.0,
    0.09613881406535274,
    0.7195977738306338,
    0.24838317853155134,
    1.0
  ]
}