{
  "intrinsics": [
    534.7382405598958,
    0.0,
    0.0,
    0.0,
    534.7382405598958,
    0.0,
    315.47941080729163,
    241.59867350260416,
    1.0
  ],
  "extrinsics": [
    -0.3029563678083114,
    -0.4809149063705704,
    -0.8227625337994031,
    0.0,
    0.9497061921447086,
    -0.08058727528902719,
    -0.30259508252033296,
    0.0,
    0.07921830986783307,
    -0.8730559159695314,
    0.481142293097505,
    0.0,
    0.027429006653260757,
    0.7122468246853347,
    0.2674912558650706,
    1.0
  ]
}