{
  "intrinsics": [
    534.7382405598958,
    0.0,
    0.0,
    0.0,
    534.7382405598958,
    0.0,
    315.4809163411458,
    241.5926310221354,
    1.0
  ],
  "extrinsics": [
    -0.19828901820988748,
    -0.4703503878477129,
    -0.8599139933132871,
    0.0,
    0.9768122083605059,
    -0.022557766257092153,
    -0.21290633652281094,
    0.0,
    0.08074283978925473,
    -0.882191489918153,
    0.46391689006096737,
    0.0,
    -0.04543760051711976,
    0.6991252176131535,
    0.27296213639344225,
    1.0
  ]
}