{
  "intrinsics": [
    534.7382405598958,
    0.0,
    0.0,
    0.0,
    534.7382405598958,
    0.0,
    315.4822794596354,
    241.59322102864581,
    1.0
  ],
  "extrinsics": [
    -0.13375482027975732,
    -0.4708096270428702,
    -0.8720367030652699,
    0.0,
    0.9877510888944844,
    0.008016580782927002,
    -0.15583150446201627,
    0.0,
    0.08035772543879746,
    -0.8821983852560903,
    0.4639704474551675,
    0.0,
    -0.08937157798752482,
    0.6914940372038672,
    0.2678030133754643,
    1.0
  ]
}