{
  "intrinsics": [
    534.7382405598958,
    0.0,
    0.0,
    0.0,
    534.7382405598958,
    0.0,
    315.476318359375,
    241.59187825520831,
    1.0
  ],
  "extrinsics": [
    -0.0712598900388855,
    -0.4655606813654932,
    -0.8821423768799005,
    0.0,
    0.9945516195943332,
    0.03429650145097378,
    -0.09844078953221774,
    0.0,
    0.07608456367550197,
    -0.8843511376993951,
    0.4605802283783306,
    0.0,
    -0.12792566174227948,
    0.6801972873542265,
    0.26344418342759146,
    1.0
  ]
}