{
  "intrinsics": [
    534.5876057942708,
    0.0,
    0.0,
    0.0,
    534.5876057942708,
    0.0,
    315.4566650390625,
    241.57344563802081,
    1.0
  ],
  "extrinsics": [
    -0.031138542749928656,
    -0.4189505798173881,
    -0.9074749410489023,
    0.0,
    0.9968435221604947,
    0.05332024634547715,
    -0.0588211657645656,
    0.0,
    0.07302995238798887,
    -0.9064422802345716,
    0.4159678281455649,
    0.0,
    -0.1558981133176478,
    0.6493009912689118,
    0.28367942155891857,
    1.0
  ]
}