{
  "intrinsics": [
    534.7382405598958,
    0.0,
    0.0,
    0.0,
    534.7382405598958,
    0.0,
    315.4185791015625,
    241.55910237630206,
    1.0
  ],
  "extrinsics": [
    -0.006038496546971111,
    -0.3836855500550526,
    -0.9234440320162409,
    0.0,
    0.9983932147778277,
    0.04971861222878864,
    -0.027186326533021467,
    0.0,
    0.05634338270344029,
    -0.9221244864521371,
    0.38276877672747267,
    0.0,
    -0.16963952923651604,
    0.6252720953455372,
    0.2946784565374341,
    1.0
  ]
}