{
  "intrinsics": [
    534.7382405598958,
    0.0,
    0.0,
    0.0,
    534.7382405598958,
    0.0,
    315.37467447916663,
    241.54654947916666,
    1.0
  ],
  "extrinsics": [
    -0.025516547714557365,
    -0.3569443658968947,
    -0.9337770602156796,
    0.0,
    0.9989563940710303,
    0.026291349747295082,
    -0.03734766733821439,
    0.0,
    0.03788132247920683,
    -0.9337555864090065,
    0.3559009927964789,
    0.0,
    -0.21263497465954728,
    0.5764259582764688,
    0.2568189004978736,
    1.0
  ]
}