{
  "intrinsics": [
    534.5876057942708,
    0.0,
    0.0,
    0.0,
    534.5876057942708,
    0.0,
    315.3447062174479,
    241.53011067708331,
    1.0
  ],
  "extrinsics": [
    0.0013482494611905694,
    -0.3006997330335274,
    -0.9537178174638153,
    0.0,
    0.9995121097221226,
    0.030161611270423286,
    -0.008096638339661268,
    0.0,
    0.03120033875240137,
    -0.9532417186827182,
    0.3005937406915603,
    0.0,
    -0.22967065742090842,
    0.5474328458937,
    0.2775581864093716,
    1.0
  ]
}