{
  "intrinsics": [
    534.2863362630208,
    0.0,
    0.0,
    0.0,
    534.2863362630208,
    0.0,
    315.03460693359375,
    241.5041300455729,
    1.0
  ],
  "extrinsics": [
    -0.6112098004131443,
    -0.17728766587508482,
    0.771357071886056,
    0.0,
    -0.7913302592064752,
    0.11865991564653285,
    -0.5997635248395415,
    0.0,
    0.014801493222081944,
    -0.9769794669011553,
    -0.2128192034232591,
    0.0,
    -0.1796928079708584,
    0.24024638667785403,
    0.5196407068253497,
    1.0
  ]
}