{
  "intrinsics": [
    534.2863362630208,
    0.0,
    0.0,
    0.0,
    534.2863362630208,
    0.0,
    315.32696533203125,
    241.51395670572916,
    1.0
  ],
  "extrinsics": [
    0.0102968379141269,
    -0.22565443625306675,
    -0.9741528830436191,
    0.0,
    0.9992591821260481,
    0.038448955905803,
    0.001655879053431804,
    0.0,
    0.037081508723153245,
    -0.9734483633913887,
    0.2258831724921112,
    0.0,
    -0.24177010112008057,
    0.5037979939642756,
    0.31395235862349335,
    1.0
  ]
}