{
  "intrinsics": [
    534.2863362630208,
    0.0,
    0.0,
    0.0,
    534.2863362630208,
    0.0,
    315.3011067708333,
    241.50252278645831,
    1.0
  ],
  "extrinsics": [
    0.017378742935922366,
    -0.1527556408257921,
    -0.9881111225578251,
    0.0,
    0.9991450748057104,
    0.039728633548155465,
    0.011430971589677303,
    0.0,
    0.03751015855903571,
    -0.9874650799656896,
    0.1533154918378486,
    0.0,
    -0.2493870304016954,
    0.459753548989098,
    0.34356629171382824,
    1.0
  ]
}