{
  "intrinsics": [
    534.2863362630208,
    0.0,
    0.0,
    0.0,
    534.2863362630208,
    0.0,
    315.2942911783854,
    241.50020345052081,
    1.0
  ],
  "extrinsics": [
    0.06023752237086548,
    -0.12879062316139406,
    -0.9898405519464522,
    0.0,
    0.9974513059641186,
    0.04575731919124666,
    0.05474703394025139,
    0.0,
    0.038241546871344984,
    -0.9906155690064822,
    0.1312186703493053,
    0.0,
    -0.26652805087054166,
    0.4370961827355834,
    0.3422716962065907,
    1.0
  ]
}