{
  "intrinsics": [
    534.1357014973958,
    0.0,
    0.0,
    0.0,
    534.1357014973958,
    0.0,
    315.29166666666663,
    241.49761962890625,
    1.0
  ],
  "extrinsics": [
    0.06898421481147005,
    -0.07681220037521794,
    -0.9946561980839472,
    0.0,
    0.9964679141906102,
    0.05316158546801905,
    0.065004437687196,
    0.0,
    0.04788436909532814,
    -0.9956272678858819,
    0.08020819124896413,
    0.0,
    -0.27081294898169617,
    0.4033577866540034,
    0.35815798988186087,
    1.0
  ]
}