{
  "intrinsics": [
    534.1357014973958,
    0.0,
    0.0,
    0.0,
    534.1357014973958,
    0.0,
    315.2626749674479,
    241.49540201822916,
    1.0
  ],
  "extrinsics": [
    0.05848951222606527,
    -0.01339572390073827,
    -0.9981981580318398,
    0.0,
    0.997258029313823,
    0.04619330872039274,
    0.05781457709406798,
    0.0,
    0.04533560632638463,
    -0.9988426771922071,
    0.016060819364108244,
    0.0,
    -0.26604304085819486,
    0.37677131393878427,
    0.3737665705532209,
    1.0
  ]
}