{
  "intrinsics": [
    533.9850667317708,
    0.0,
    0.0,
    0.0,
    533.9850667317708,
    0.0,
    315.2450764973958,
    241.49566650390625,
    1.0
  ],
  "extrinsics": [
    0.06880872347270309,
    0.02625837047357479,
    -0.997284224234656,
    0.0,
    0.9966036914062751,
    0.04352083130611558,
    0.0699076876343439,
    0.0,
    0.045238300618695604,
    -0.9987073507265147,
    -0.023174571191945513,
    0.0,
    -0.2693905857662262,
    0.35439740828491445,
    0.37376969580632047,
    1.0
  ]
}