{
  "intrinsics": [
    533.8344319661458,
    0.0,
    0.0,
    0.0,
    533.8344319661458,
    0.0,
    315.22186279296875,
    241.49857584635416,
    1.0
  ],
  "extrinsics": [
    0.06627556439082695,
    0.0812494561379502,
    -0.9944878548862599,
    0.0,
    0.9968404226684493,
    0.03833815072887751,
    0.0695645216449426,
    0.0,
    0.0437789101152159,
    -0.9959561766291962,
    -0.07845187103996654,
    0.0,
    -0.2666496830625755,
    0.3269368879213028,
    0.38399208997205275,
    1.0
  ]
}