{
  "intrinsics": [
    533.6837972005208,
    0.0,
    0.0,
    0.0,
    533.6837972005208,
    0.0,
    315.197021484375,
    241.5041300455729,
    1.0
  ],
  "extrinsics": [
    0.0572764976129607,
    0.13533483357316886,
    -0.9891429904563644,
    0.0,
    0.9975040059005412,
    0.03321922296093997,
    0.062305670680916844,
    0.0,
    0.04129068844111919,
    -0.9902428660523752,
    -0.13309437782427322,
    0.0,
    -0.26051298482291463,
    0.2995355853933145,
    0.3995501226183945,
    1.0
  ]
}