{
  "intrinsics": [
    533.8344319661458,
    0.0,
    0.0,
    0.0,
    533.8344319661458,
    0.0,
    315.1751708984375,
    241.509521484375,
    1.0
  ],
  "extrinsics": [
    0.04132867086182296,
    0.1743914987538891,
    -0.9838087295439167,
    0.0,
    0.9984468813843019,
    0.029608784114876326,
    0.04719204801521834,
    0.0,
    0.037359281420473484,
    -0.9842311564619867,
    -0.1728969555893713,
    0.0,
    -0.24855198974929804,
    0.2763446210450221,
    0.41572102203615624,
    1.0
  ]
}