{
  "intrinsics": [
    533.6837972005208,
    0.0,
    0.0,
    0.0,
    533.6837972005208,
    0.0,
    315.1646728515625,
    241.5181884765625,
    1.0
  ],
  "extrinsics": [
    0.034761089387650206,
    0.21813935928366698,
    -0.9752983036538045,
    0.0,
    0.998569166214205,
    0.032098877011011995,
    0.042769782902971745,
    0.0,
    0.04063576674200482,
    -0.9753896113576545,
    -0.21671144552733565,
    0.0,
    -0.2446690845697037,
    0.24537344842844774,
    0.41959269178087427,
    1.0
  ]
}