{
  "intrinsics": [
    534.1357014973958,
    0.0,
    0.0,
    0.0,
    534.1357014973958,
    0.0,
    315.0211181640625,
    241.5115966796875,
    1.0
  ],
  "extrinsics": [
    -0.6470694352384236,
    -0.1996235698326291,
    0.7358339687580719,
    0.0,
    -0.7622814681805039,
    0.1502680801421795,
    -0.6295604903753089,
    0.0,
    0.015102761034642536,
    -0.9682819726049539,
    -0.2494032505004724,
    0.0,
    -0.1445152985417688,
    0.2087633297051984,
    0.46960096687226627,
    1.0
  ]
}