{
  "intrinsics": [
    533.6837972005208,
    0.0,
    0.0,
    0.0,
    533.6837972005208,
    0.0,
    315.1432698567708,
    241.53230794270831,
    1.0
  ],
  "extrinsics": [
    0.0253724869953845,
    0.27706045666503604,
    -0.9605173907627037,
    0.0,
    0.9988332246640962,
    0.03246587925982517,
    0.03574929086893788,
    0.0,
    0.0410887472902697,
    -0.960303900741808,
    -0.27591349313151586,
    0.0,
    -0.23926734809268035,
    0.20643230466545048,
    0.4249308041828588,
    1.0
  ]
}