{
  "intrinsics": [
    533.5331624348958,
    0.0,
    0.0,
    0.0,
    533.5331624348958,
    0.0,
    315.12613932291663,
    241.5456339518229,
    1.0
  ],
  "extrinsics": [
    0.014370467127666708,
    0.32268219237126433,
    -0.9463982738754523,
    0.0,
    0.9990408591174909,
    0.034518625607181525,
    0.026939212552297122,
    0.0,
    0.04136117349523606,
    -0.9458777220789035,
    -0.3218766516182103,
    0.0,
    -0.23604408864333015,
    0.17417068924805848,
    0.4257513848276161,
    1.0
  ]
}