{
  "intrinsics": [
    533.3825276692708,
    0.0,
    0.0,
    0.0,
    533.3825276692708,
    0.0,
    315.104248046875,
    241.56587727864581,
    1.0
  ],
  "extrinsics": [
    0.015553143312055585,
    0.38159968286944546,
    -0.9241968761100361,
    0.0,
    0.9990275474576396,
    0.032207980961563444,
    0.03011114033342217,
    0.0,
    0.04125692729079084,
    -0.9237664424447485,
    -0.3807276764699866,
    0.0,
    -0.2396543424719142,
    0.13262858763843818,
    0.42067017096285964,
    1.0
  ]
}