{
  "intrinsics": [
    533.3825276692708,
    0.0,
    0.0,
    0.0,
    533.3825276692708,
    0.0,
    315.0705362955729,
    241.5736083984375,
    1.0
  ],
  "extrinsics": [
    0.018722998171211643,
    0.4032298411882339,
    -0.9149071604033893,
    0.0,
    0.9993139820332463,
    0.021695241549521203,
    0.03001212787286149,
    0.0,
    0.031950916823301076,
    -0.9148414964056459,
    -0.4025470747433462,
    0.0,
    -0.24278815117759267,
    0.11563147807123272,
    0.4169504485142237,
    1.0
  ]
}