{
  "intrinsics": [
    533.3825276692708,
    0.0,
    0.0,
    0.0,
    533.3825276692708,
    0.0,
    315.07073974609375,
    241.5811767578125,
    1.0
  ],
  "extrinsics": [
    0.029162981152775495,
    0.4279641545799201,
    -0.903325049003762,
    0.0,
    0.9987217468901963,
    0.024849498252384538,
    0.044015636440545514,
    0.0,
    0.04128425548462777,
    -0.9034540449440891,
    -0.4266924411784574,
    0.0,
    -0.2532782543525647,
    0.09642536301157584,
    0.40858390035370956,
    1.0
  ]
}