{
  "intrinsics": [
    533.3825276692708,
    0.0,
    0.0,
    0.0,
    533.3825276692708,
    0.0,
    315.07228597005206,
    241.59356689453125,
    1.0
  ],
  "extrinsics": [
    0.033215978499556195,
    0.4595357929341669,
    -0.8875379499082015,
    0.0,
    0.9980285143440495,
    0.032063709683760634,
    0.053952547950422224,
    0.0,
    0.053250885775329854,
    -0.8875803093024348,
    -0.4575648458700973,
    0.0,
    -0.25908385106194487,
    0.07292074315021252,
    0.40010032902791026,
    1.0
  ]
}