{
  "intrinsics": [
    533.2318929036458,
    0.0,
    0.0,
    0.0,
    533.2318929036458,
    0.0,
    315.0809326171875,
    241.6157023111979,
    1.0
  ],
  "extrinsics": [
    0.03713289464005182,
    0.5031821379779977,
    -0.8633821184105588,
    0.0,
    0.996961101060251,
    0.040551775672575216,
    0.06651165589249283,
    0.0,
    0.06847917877650353,
    -0.8632282861438507,
    -0.5001472692460683,
    0.0,
    -0.2626172936841198,
    0.042827295736323434,
    0.3876720138421721,
    1.0
  ]
}