{
  "intrinsics": [
    533.2318929036458,
    0.0,
    0.0,
    0.0,
    533.2318929036458,
    0.0,
    315.0796915690104,
    241.62837727864581,
    1.0
  ],
  "extrinsics": [
    0.012981402948453544,
    0.5238257959288505,
    -0.8517264458429521,
    0.0,
    0.9971441228158122,
    0.05659598165762162,
    0.050005244057907024,
    0.0,
    0.07439833583978599,
    -0.849943215146815,
    -0.5215951114974782,
    0.0,
    -0.25112868067690597,
    0.022359506143107666,
    0.38620246559359006,
    1.0
  ]
}