{
  "intrinsics": [
    537.9015706380208,
    0.0,
    0.0,
    0.0,
    537.9015706380208,
    0.0,
    315.0507405598958,
    241.6480712890625,
    1.0
  ],
  "extrinsics": [
    -0.01601218261698165,
    0.5579963200406332,
    -0.8296889215073937,
    0.0,
    0.9977306664327297,
    0.0631923231447492,
    0.023243943173543495,
    0.0,
    0.06540001728167538,
    -0.827433887397327,
    -0.5577418769932979,
    0.0,
    -0.23543177258178138,
    -0.003121132489205758,
    0.3821124656224633,
    1.0
  ]
}