{
  "intrinsics": [
    535.4914143880208,
    0.0,
    0.0,
    0.0,
    535.4914143880208,
    0.0,
    315.06227620442706,
    241.66925048828125,
    1.0
  ],
  "extrinsics": [
    -0.043992473419625304,
    0.5860645981650642,
    -0.8090691729662236,
    0.0,
    0.9959010272921821,
    0.08979178880704564,
    0.010891057300480924,
    0.0,
    0.07903059460899424,
    -0.8052736723345815,
    -0.5876124781683523,
    0.0,
    -0.22069020821736185,
    -0.02517764228159436,
    0.37319772619351665,
    1.0
  ]
}