{
  "intrinsics": [
    533.9850667317708,
    0.0,
    0.0,
    0.0,
    533.9850667317708,
    0.0,
    315.01481119791663,
    241.52718098958331,
    1.0
  ],
  "extrinsics": [
    -0.6765815496842197,
    -0.2400916250311274,
    0.6961274891848755,
    0.0,
    -0.7359688570167282,
    0.18936642695451175,
    -0.6499925006127049,
    0.0,
    0.024234573036174534,
    -0.9521010685883436,
    -0.3048217864523498,
    0.0,
    -0.0914635528188752,
    0.1676775328054682,
    0.4313513576261476,
    1.0
  ]
}