{
  "intrinsics": [
    534.8888753255208,
    0.0,
    0.0,
    0.0,
    534.8888753255208,
    0.0,
    315.065185546875,
    241.67897542317706,
    1.0
  ],
  "extrinsics": [
    -0.051455014957175665,
    0.591245570112653,
    -0.8048484578265789,
    0.0,
    0.9951031532938148,
    0.09845776799952918,
    0.008709333397305152,
    0.0,
    0.08439292332158871,
    -0.8004590183654094,
    -0.5934163999460693,
    0.0,
    -0.21538117432119908,
    -0.03169007593484585,
    0.3666173269573744,
    1.0
  ]
}