{
  "intrinsics": [
    533.8344319661458,
    0.0,
    0.0,
    0.0,
    533.8344319661458,
    0.0,
    315.0011800130208,
    241.5489298502604,
    1.0
  ],
  "extrinsics": [
    -0.7035503662226307,
    -0.2848476424887172,
    0.6510594856224277,
    0.0,
    -0.709975612173449,
    0.24197683594257113,
    -0.6613483360823738,
    0.0,
    0.030842193569347406,
    -0.927528321510578,
    -0.3724778212244786,
    0.0,
    -0.029139012855436963,
    0.13327093983223492,
    0.3971744834762183,
    1.0
  ]
}