{
  "intrinsics": [
    533.8344319661458,
    0.0,
    0.0,
    0.0,
    533.8344319661458,
    0.0,
    315.01383463541663,
    241.5589599609375,
    1.0
  ],
  "extrinsics": [
    -0.743727227863321,
    -0.29219894314672806,
    0.6012400427184669,
    0.0,
    -0.6670833645963414,
    0.2662327246647854,
    -0.6957872462594805,
    0.0,
    0.04323852881364805,
    -0.9185531560758742,
    -0.3929255743558834,
    0.0,
    0.013849880816952709,
    0.12737468052270362,
    0.36763366701652256,
    1.0
  ]
}