{
  "intrinsics": [
    533.9850667317708,
    0.0,
    0.0,
    0.0,
    533.9850667317708,
    0.0,
    315.03887939453125,
    241.56217447916666,
    1.0
  ],
  "extrinsics": [
    -0.7685371503508245,
    -0.29515458893431845,
    0.5676568564988189,
    0.0,
    -0.6370803757899969,
    0.2712367642870802,
    -0.7214978295927605,
    0.0,
    0.05898397970057632,
    -0.9161410301078757,
    -0.39649275299030573,
    0.0,
    0.05461153156026066,
    0.13251628399141463,
    0.3350117824790215,
    1.0
  ]
}