{
  "intrinsics": [
    533.8344319661458,
    0.0,
    0.0,
    0.0,
    533.8344319661458,
    0.0,
    315.01090494791663,
    241.57893880208331,
    1.0
  ],
  "extrinsics": [
    -0.7789759756077518,
    -0.31179485815370406,
    0.5440407957343066,
    0.0,
    -0.6248862932028683,
    0.31392161787906553,
    -0.7148218831511421,
    0.0,
    0.05209162152939418,
    -0.8967927280201216,
    -0.4393737458489085,
    0.0,
    0.09670283033529437,
    0.12166571198915976,
    0.28645294130709553,
    1.0
  ]
}