{
  "intrinsics": [
    533.6837972005208,
    0.0,
    0.0,
    0.0,
    533.6837972005208,
    0.0,
    314.97257486979163,
    241.60719807942706,
    1.0
  ],
  "extrinsics": [
    -0.7949473949871685,
    -0.33327781835100323,
    0.5069365538006316,
    0.0,
    -0.6051530645737639,
    0.3763870903383993,
    -0.701514528438747,
    0.0,
    0.04299485824575592,
    -0.8644413447618216,
    -0.5008919909089746,
    0.0,
    0.12423772652826992,
    0.1093667371658027,
    0.22304840693481487,
    1.0
  ]
}