{
  "intrinsics": [
    536.9977620442708,
    0.0,
    0.0,
    0.0,
    536.9977620442708,
    0.0,
    314.9536946614583,
    241.89947509765625,
    1.0
  ],
  "extrinsics": [
    0.19429216023945267,
    -0.8147583026788756,
    0.5462777841369201,
    0.0,
    -0.9777816480385659,
    -0.20553407365820256,
    0.04121477495378666,
    0.0,
    0.07869866417818254,
    -0.5421481187319933,
    -0.8365894760158172,
    0.0,
    0.49595037308538625,
    -0.7418406828063755,
    0.5465424266255118,
    1.0
  ]
}