{
  "intrinsics": [
    533.6837972005208,
    0.0,
    0.0,
    0.0,
    533.6837972005208,
    0.0,
    314.9482421875,
    241.64872233072916,
    1.0
  ],
  "extrinsics": [
    -0.8153121190314552,
    -0.3608804052000771,
    0.4528039150762657,
    0.0,
    -0.5773172471581021,
    0.4466967295309994,
    -0.683495962256468,
    0.0,
    0.04439427047123079,
    -0.8186741036809828,
    -0.5725397975921256,
    0.0,
    0.14334240193945869,
    0.10183898590584584,
    0.15790367072081635,
    1.0
  ]
}