{
  "intrinsics": [
    533.3825276692708,
    0.0,
    0.0,
    0.0,
    533.3825276692708,
    0.0,
    314.92812093098956,
    241.68965657552081,
    1.0
  ],
  "extrinsics": [
    -0.8420067127448303,
    -0.37133071995153677,
    0.3913288726011676,
    0.0,
    -0.5375298932106135,
    0.5160759068903799,
    -0.6668788315334037,
    0.0,
    0.04567718734336854,
    -0.7718673773334385,
    -0.6341406535339927,
    0.0,
    0.15247694193730998,
    0.09489704531627896,
    0.1092784498828343,
    1.0
  ]
}