{
  "intrinsics": [
    533.3825276692708,
    0.0,
    0.0,
    0.0,
    533.3825276692708,
    0.0,
    314.91886393229163,
    241.74831136067706,
    1.0
  ],
  "extrinsics": [
    -0.8768595228761966,
    -0.3716722257088822,
    0.30492206405225253,
    0.0,
    -0.4775248583637225,
    0.6000558715906332,
    -0.641796850172732,
    0.0,
    0.05556778304119702,
    -0.7083734398622535,
    -0.7036472575611133,
    0.0,
    0.158319206163807,
    0.0752877340980398,
    0.07377343212708798,
    1.0
  ]
}