{
  "intrinsics": [
    533.3825276692708,
    0.0,
    0.0,
    0.0,
    533.3825276692708,
    0.0,
    314.9297892252604,
    241.80196126302081,
    1.0
  ],
  "extrinsics": [
    -0.9166130525904346,
    -0.34175353861982016,
    0.20742456014529545,
    0.0,
    -0.39310307471087513,
    0.6761010757457571,
    -0.6231831819859727,
    0.0,
    0.07273510162059006,
    -0.6527571230379384,
    -0.7540674650978519,
    0.0,
    0.17182138486815912,
    0.052845197242122444,
    0.05294204797103519,
    1.0
  ]
}