{
  "intrinsics": [
    533.3825276692708,
    0.0,
    0.0,
    0.0,
    533.3825276692708,
    0.0,
    314.91103108723956,
    241.82255045572916,
    1.0
  ],
  "extrinsics": [
    -0.9518191234624569,
    -0.27181292218234937,
    0.14197904561859506,
    0.0,
    -0.29965006749802287,
    0.7259490271443314,
    -0.6190379219504001,
    0.0,
    0.06519295636080416,
    -0.6317561319545729,
    -0.7724209490092727,
    0.0,
    0.19826800095816677,
    0.02675434494711948,
    0.05455404305994116,
    1.0
  ]
}