{
  "intrinsics": [
    533.3825276692708,
    0.0,
    0.0,
    0.0,
    533.3825276692708,
    0.0,
    314.90614827473956,
    241.85809326171875,
    1.0
  ],
  "extrinsics": [
    -0.9735020732199072,
    -0.21517397455175663,
    0.0774199218036185,
    0.0,
    -0.21839165925238446,
    0.7744120074705727,
    -0.5937939168472915,
    0.0,
    0.06781407793766019,
    -0.5949674370592853,
    -0.8008839527782255,
    0.0,
    0.2384281426021757,
    -0.00852876825664639,
    0.07103314966308716,
    1.0
  ]
}