{
  "intrinsics": [
    533.0812581380208,
    0.0,
    0.0,
    0.0,
    533.0812581380208,
    0.0,
    314.9020792643229,
    241.87687174479166,
    1.0
  ],
  "extrinsics": [
    -0.9842080436257398,
    -0.1725982135789137,
    0.039301078693914346,
    0.0,
    -0.1633011195910622,
    0.799604893050075,
    -0.5778971033538438,
    0.0,
    0.06831865571431844,
    -0.5751887514692605,
    -0.815162948487205,
    0.0,
    0.2782294923928963,
    -0.046088754379648655,
    0.08883629708887164,
    1.0
  ]
}