{
  "intrinsics": [
    533.0812581380208,
    0.0,
    0.0,
    0.0,
    533.0812581380208,
    0.0,
    314.94757080078125,
    241.88594563802081,
    1.0
  ],
  "extrinsics": [
    -0.9866795511608533,
    -0.1620031543268461,
    0.014777444296319511,
    0.0,
    -0.14232748317712118,
    0.8157004198115353,
    -0.5606921563384283,
    0.0,
    0.07877993574009817,
    -0.5553267652928816,
    -0.8278924174069167,
    0.0,
    0.30933130573044876,
    -0.07457137671068681,
    0.10467906276323391,
    1.0
  ]
}