{
  "intrinsics": [
    533.2318929036458,
    0.0,
    0.0,
    0.0,
    533.2318929036458,
    0.0,
    314.9792277018229,
    241.88187662760416,
    1.0
  ],
  "extrinsics": [
    -0.9836520786034405,
    -0.17968609014073053,
    0.011900445892294867,
    0.0,
    -0.15564839355424584,
    0.8151060474083467,
    -0.5580104722063745,
    0.0,
    0.09056658795678052,
    -0.5507404071551691,
    -0.8297485689685007,
    0.0,
    0.34348860156009176,
    -0.08488637768216734,
    0.11068862437728888,
    1.0
  ]
}