{
  "intrinsics": [
    537.9015706380208,
    0.0,
    0.0,
    0.0,
    537.9015706380208,
    0.0,
    315.01039632161456,
    241.87687174479166,
    1.0
  ],
  "extrinsics": [
    -0.9746600280401165,
    -0.22244908018424647,
    0.02354329911140734,
    0.0,
    -0.19701830915383597,
    0.8038305490087126,
    -0.5612844171415821,
    0.0,
    0.10593241705991442,
    -0.551699941128214,
    -0.8272880528655542,
    0.0,
    0.3824405508035098,
    -0.07957746919662778,
    0.10993556757530798,
    1.0
  ]
}