{
  "intrinsics": [
    535.6420491536458,
    0.0,
    0.0,
    0.0,
    535.6420491536458,
    0.0,
    314.9844970703125,
    241.8722941080729,
    1.0
  ],
  "extrinsics": [
    0.1642084292775195,
    -0.7970652931020629,
    0.5811389627378158,
    0.0,
    -0.9821374398702776,
    -0.1869828385843111,
    0.021058219420563306,
    0.0,
    0.09187823286692519,
    -0.574216232333644,
    -0.8135318176939702,
    0.0,
    0.462575254866771,
    -0.7137540196051428,
    0.5954430076555567,
    1.0
  ]
}