{
  "intrinsics": [
    530.5204671223958,
    0.0,
    0.0,
    0.0,
    530.5204671223958,
    0.0,
    315.0654296875,
    241.87345377604166,
    1.0
  ],
  "extrinsics": [
    -0.9624234541859205,
    -0.2703858498000568,
    0.02515224669013372,
    0.0,
    -0.2353748423214315,
    0.7844242400929138,
    -0.5738268697829636,
    0.0,
    0.13542465409094484,
    -0.5581846433943192,
    -0.8185903191588456,
    0.0,
    0.43291060997483566,
    -0.0689375911402359,
    0.11960608837497433,
    1.0
  ]
}