{
  "intrinsics": [
    526.7545979817708,
    0.0,
    0.0,
    0.0,
    526.7545979817708,
    0.0,
    315.1407470703125,
    241.85201009114581,
    1.0
  ],
  "extrinsics": [
    -0.9577698174565544,
    -0.2875010823808916,
    0.004470333663243767,
    0.0,
    -0.22967668061929522,
    0.7555976397056114,
    -0.6134499326508686,
    0.0,
    0.17298975808425476,
    -0.5885705900034471,
    -0.7897209764607466,
    0.0,
    0.48587544654864345,
    -0.059060931745739564,
    0.15795572461903307,
    1.0
  ]
}