{
  "intrinsics": [
    530.5204671223958,
    0.0,
    0.0,
    0.0,
    530.5204671223958,
    0.0,
    315.17667643229163,
    241.81868489583331,
    1.0
  ],
  "extrinsics": [
    -0.9624577040593895,
    -0.2710572136187724,
    -0.014250142298384201,
    0.0,
    -0.19592599236838365,
    0.7301015979131327,
    -0.654648506351967,
    0.0,
    0.18785124285185417,
    -0.6272795323427468,
    -0.7557990999717985,
    0.0,
    0.5419314442909193,
    -0.05272158225873147,
    0.20299248332829256,
    1.0
  ]
}