{
  "intrinsics": [
    530.6711018880208,
    0.0,
    0.0,
    0.0,
    530.6711018880208,
    0.0,
    315.20133463541663,
    241.7763468424479,
    1.0
  ],
  "extrinsics": [
    -0.9725773606150235,
    -0.2281099184829665,
    -0.04537657729320035,
    0.0,
    -0.13121562141912435,
    0.6992468024310989,
    -0.702734864366647,
    0.0,
    0.1920302431868965,
    -0.6775099407529855,
    -0.7100032110947735,
    0.0,
    0.5830803698348361,
    -0.043896621282062176,
    0.2681415575617563,
    1.0
  ]
}