{
  "intrinsics": [
    530.8217366536458,
    0.0,
    0.0,
    0.0,
    530.8217366536458,
    0.0,
    315.22674560546875,
    241.71925862630206,
    1.0
  ],
  "extrinsics": [
    -0.9779548230091052,
    -0.19871259005849273,
    -0.06417022664186982,
    0.0,
    -0.07950738017408847,
    0.6384966325445033,
    -0.7655066902450083,
    0.0,
    0.19308825693648893,
    -0.7435289698942198,
    -0.6402199297653782,
    0.0,
    0.6011093916882284,
    -0.00627977891626097,
    0.33284818556712326,
    1.0
  ]
}