{
  "intrinsics": [
    530.9723714192708,
    0.0,
    0.0,
    0.0,
    530.9723714192708,
    0.0,
    315.2616984049479,
    241.66434733072916,
    1.0
  ],
  "extrinsics": [
    -0.9798568840833548,
    -0.18387977490518592,
    -0.07790145011069886,
    0.0,
    -0.039693860229788186,
    0.5616402227197422,
    -0.8264288145339974,
    0.0,
    0.1957161352680566,
    -0.8066897744669309,
    -0.5576259447283962,
    0.0,
    0.599849072341007,
    0.055561727668302696,
    0.3843492985928454,
    1.0
  ]
}