{
  "intrinsics": [
    530.9723714192708,
    0.0,
    0.0,
    0.0,
    530.9723714192708,
    0.0,
    315.25797526041663,
    241.62007649739581,
    1.0
  ],
  "extrinsics": [
    -0.9840477285949344,
    -0.15115765169016523,
    -0.09381487482318804,
    0.0,
    0.007071930098084761,
    0.49368097352822565,
    -0.869614231828722,
    0.0,
    0.17776347554155902,
    -0.8564054978014267,
    -0.48473674254083576,
    0.0,
    0.5843332569568712,
    0.1114625080677849,
    0.4213763793091809,
    1.0
  ]
}