{
  "intrinsics": [
    531.2736409505208,
    0.0,
    0.0,
    0.0,
    531.2736409505208,
    0.0,
    315.21551513671875,
    241.57501220703125,
    1.0
  ],
  "extrinsics": [
    -0.989319497113417,
    -0.10358168983167962,
    -0.10255590148969387,
    0.0,
    0.05089108652367281,
    0.41385267911821944,
    -0.9089202023452789,
    0.0,
    0.1365904746409173,
    -0.9044317114025139,
    -0.4041611972671404,
    0.0,
    0.5723254081318225,
    0.16659377853823265,
    0.44598762259152425,
    1.0
  ]
}