{
  "intrinsics": [
    531.4242757161458,
    0.0,
    0.0,
    0.0,
    531.4242757161458,
    0.0,
    315.18408203125,
    241.54423014322916,
    1.0
  ],
  "extrinsics": [
    -0.9918621650862086,
    -0.07125930434088965,
    -0.10550566259124411,
    0.0,
    0.07519139110989656,
    0.34086605028461137,
    -0.9371000905204577,
    0.0,
    0.10274040345664598,
    -0.9374072824019855,
    -0.33273407489434487,
    0.0,
    0.5543888773166371,
    0.2171440739147017,
    0.45540489368147696,
    1.0
  ]
}