{
  "intrinsics": [
    531.4242757161458,
    0.0,
    0.0,
    0.0,
    531.4242757161458,
    0.0,
    315.14715576171875,
    241.52650960286456,
    1.0
  ],
  "extrinsics": [
    -0.9928035461589427,
    -0.041211537180777066,
    -0.11243970858743212,
    0.0,
    0.09564289317733421,
    0.292157969936997,
    -0.9515756253297963,
    0.0,
    0.0720660736247335,
    -0.9554818127596493,
    -0.28611387786380776,
    0.0,
    0.5459497061420694,
    0.2515614145123487,
    0.46614056372851165,
    1.0
  ]
}