{
  "intrinsics": [
    535.3407796223958,
    0.0,
    0.0,
    0.0,
    535.3407796223958,
    0.0,
    314.98927815755206,
    241.8351847330729,
    1.0
  ],
  "extrinsics": [
    0.15576736769804855,
    -0.7672631318187495,
    0.622128301630719,
    0.0,
    -0.9840101346849087,
    -0.17559985676315054,
    0.0298095691071388,
    0.0,
    0.08637389631359571,
    -0.6168239529066217,
    -0.7823475284548868,
    0.0,
    0.44973857963728703,
    -0.6706046896561306,
    0.6469265156824939,
    1.0
  ]
}