{
  "intrinsics": [
    531.5749104817708,
    0.0,
    0.0,
    0.0,
    531.5749104817708,
    0.0,
    315.1403401692708,
    241.5128173828125,
    1.0
  ],
  "extrinsics": [
    -0.9912857620048411,
    -0.027907882397451,
    -0.12873805066391275,
    0.0,
    0.11850085810348217,
    0.2379050770762358,
    -0.9640325181618937,
    0.0,
    0.057531539404809304,
    -0.9708873504061889,
    -0.23252485037595555,
    0.0,
    0.5326024403503614,
    0.29048044560383923,
    0.4776922961310661,
    1.0
  ]
}