{
  "intrinsics": [
    531.5749104817708,
    0.0,
    0.0,
    0.0,
    531.5749104817708,
    0.0,
    315.13897705078125,
    241.50592041015625,
    1.0
  ],
  "extrinsics": [
    -0.9886392160939219,
    -0.01761486029003107,
    -0.149272287319004,
    0.0,
    0.1423870084276854,
    0.20838195967836237,
    -0.9676274307014989,
    0.0,
    0.04815029394521088,
    -0.9778888914482237,
    -0.20350644509169177,
    0.0,
    0.5198794641511575,
    0.3197176698167393,
    0.4880395008789633,
    1.0
  ]
}