{
  "intrinsics": [
    531.5749104817708,
    0.0,
    0.0,
    0.0,
    531.5749104817708,
    0.0,
    315.1536661783854,
    241.50429280598956,
    1.0
  ],
  "extrinsics": [
    -0.9840890323937211,
    -0.017774785667807363,
    -0.17678499456366784,
    0.0,
    0.17044386092231567,
    0.1865506636494065,
    -0.9675472629920501,
    0.0,
    0.050177293064860476,
    -0.9822845234950214,
    -0.18055284516637685,
    0.0,
    0.5008557616051796,
    0.35233627742501855,
    0.4984119937078515,
    1.0
  ]
}