{
  "intrinsics": [
    531.7255452473958,
    0.0,
    0.0,
    0.0,
    531.7255452473958,
    0.0,
    315.15114339192706,
    241.49684651692706,
    1.0
  ],
  "extrinsics": [
    -0.9805469583833639,
    -0.011283852087684926,
    -0.19595977098391237,
    0.0,
    0.19253028728945573,
    0.13902994272024993,
    -0.9713921757725582,
    0.0,
    0.038205322182472905,
    -0.9902238312362193,
    -0.13415291712087293,
    0.0,
    0.4882183672519799,
    0.39726261767183446,
    0.4997757393067612,
    1.0
  ]
}