{
  "intrinsics": [
    531.7255452473958,
    0.0,
    0.0,
    0.0,
    531.7255452473958,
    0.0,
    315.13623046875,
    241.48881022135416,
    1.0
  ],
  "extrinsics": [
    -0.9813482880112661,
    -0.002504121109109268,
    -0.19222161578068625,
    0.0,
    0.19162892739488746,
    0.06679020663699102,
    -0.9791923033104298,
    0.0,
    0.015290534251891336,
    -0.9977638653595026,
    -0.06506460698321907,
    0.0,
    0.4875971875847475,
    0.4514902116697188,
    0.48079116137563904,
    1.0
  ]
}