{
  "intrinsics": [
    531.8761800130208,
    0.0,
    0.0,
    0.0,
    531.8761800130208,
    0.0,
    315.1441243489583,
    241.48663330078125,
    1.0
  ],
  "extrinsics": [
    -0.9822816906259368,
    -0.005401731622031702,
    -0.18733264134240893,
    0.0,
    0.18738087063693712,
    -0.010528345568882554,
    -0.9822309335713952,
    0.0,
    0.0033334441413723844,
    -0.9999300057942516,
    0.011353982452820759,
    0.0,
    0.4829498493657568,
    0.5046818024048793,
    0.4555384020789708,
    1.0
  ]
}