{
  "intrinsics": [
    532.0268147786458,
    0.0,
    0.0,
    0.0,
    532.0268147786458,
    0.0,
    315.14723714192706,
    241.48870849609375,
    1.0
  ],
  "extrinsics": [
    -0.9793886649601388,
    -0.00711208317157036,
    -0.20185944588665167,
    0.0,
    0.2018264785754317,
    -0.07402576331774663,
    -0.9766198067566154,
    0.0,
    -0.007997012721446248,
    -0.9972309306173612,
    0.07393539222346285,
    0.0,
    0.4676416241856356,
    0.5460204911482469,
    0.4390315712158479,
    1.0
  ]
}