{
  "intrinsics": [
    532.0268147786458,
    0.0,
    0.0,
    0.0,
    532.0268147786458,
    0.0,
    315.15555826822913,
    241.4949747721354,
    1.0
  ],
  "extrinsics": [
    -0.9712637428980061,
    -0.017224515522674944,
    -0.23738160497282434,
    0.0,
    0.23742701406380573,
    -0.1396303512717961,
    -0.9613176658578491,
    0.0,
    -0.016587444071250755,
    -0.990053800583532,
    0.1397074725065369,
    0.0,
    0.4390380638706822,
    0.5912219234499114,
    0.42306679534670355,
    1.0
  ]
}