{
  "intrinsics": [
    532.3280843098958,
    0.0,
    0.0,
    0.0,
    532.3280843098958,
    0.0,
    315.1517333984375,
    241.50221761067706,
    1.0
  ],
  "extrinsics": [
    -0.9630885848356812,
    -0.023866062920525174,
    -0.2681243734278091,
    0.0,
    0.26765071682514807,
    -0.19107812482384748,
    -0.9443792228292581,
    0.0,
    -0.02869407356412107,
    -0.9812846797113616,
    0.1904129423235848,
    0.0,
    0.4112519746293454,
    0.6260883584537251,
    0.40655909616996366,
    1.0
  ]
}