{
  "intrinsics": [
    532.3280843098958,
    0.0,
    0.0,
    0.0,
    532.3280843098958,
    0.0,
    315.16741943359375,
    241.51051839192706,
    1.0
  ],
  "extrinsics": [
    -0.9526854269044421,
    -0.044906715075165,
    -0.3006223656018648,
    0.0,
    0.3027262755028575,
    -0.22912170691829925,
    -0.9251270000287346,
    0.0,
    -0.02733469329689796,
    -0.972361407460109,
    0.2318753780203362,
    0.0,
    0.36672709969077283,
    0.6562294585585052,
    0.3897105266624479,
    1.0
  ]
}