{
  "intrinsics": [
    532.0268147786458,
    0.0,
    0.0,
    0.0,
    532.0268147786458,
    0.0,
    314.9401448567708,
    241.97090657552081,
    1.0
  ],
  "extrinsics": [
    0.2958343773692534,
    -0.8356954158970746,
    0.4627041559850772,
    0.0,
    -0.9533128463401206,
    -0.289037326528008,
    0.087476083492382,
    0.0,
    0.06063540164833429,
    -0.46698026042271107,
    -0.8821863845107343,
    0.0,
    0.5941558430921803,
    -0.764852827355486,
    0.4305984023519055,
    1.0
  ]
}