{
  "intrinsics": [
    535.4914143880208,
    0.0,
    0.0,
    0.0,
    535.4914143880208,
    0.0,
    314.9700520833333,
    241.80118815104166,
    1.0
  ],
  "extrinsics": [
    0.1570048239527024,
    -0.7390431146170391,
    0.6551066335882719,
    0.0,
    -0.9851725486300303,
    -0.16366116428740238,
    0.05147887549832475,
    0.0,
    0.06917042683331745,
    -0.6534754791645498,
    -0.753780636271146,
    0.0,
    0.44185202755956565,
    -0.6317426086797766,
    0.6867367609075629,
    1.0
  ]
}