{
  "intrinsics": [
    532.3280843098958,
    0.0,
    0.0,
    0.0,
    532.3280843098958,
    0.0,
    315.1952718098958,
    241.5168253580729,
    1.0
  ],
  "extrinsics": [
    -0.9386202443124677,
    -0.07525367384025951,
    -0.3366433276335308,
    0.0,
    0.3446285159879899,
    -0.2468288501552578,
    -0.9057078036314692,
    0.0,
    -0.01493542633025562,
    -0.9661326386355203,
    0.2576131590315339,
    0.0,
    0.30590340701560637,
    0.6779390675753972,
    0.37829587558495836,
    1.0
  ]
}