{
  "intrinsics": [
    532.3280843098958,
    0.0,
    0.0,
    0.0,
    532.3280843098958,
    0.0,
    315.2258097330729,
    241.5213419596354,
    1.0
  ],
  "extrinsics": [
    -0.925330832460147,
    -0.09798919646273588,
    -0.36627966757147823,
    0.0,
    0.37913185604895666,
    -0.25099766208010954,
    -0.8906509507030506,
    0.0,
    -0.0046611591496891385,
    -0.9630152115903258,
    0.26940673163134754,
    0.0,
    0.2418139839026473,
    0.6830113504049132,
    0.36367819433263326,
    1.0
  ]
}