{
  "intrinsics": [
    532.3280843098958,
    0.0,
    0.0,
    0.0,
    532.3280843098958,
    0.0,
    315.2347005208333,
    241.51839192708331,
    1.0
  ],
  "extrinsics": [
    -0.9128214723352095,
    -0.10052565291577334,
    -0.39579195123976846,
    0.0,
    0.4083450078935123,
    -0.2326061081278061,
    -0.8826939633315223,
    0.0,
    -0.003330258618166596,
    -0.9673617499849854,
    0.25337701756593134,
    0.0,
    0.17992411633594396,
    0.6679759526485409,
    0.35881936839173756,
    1.0
  ]
}