{
  "intrinsics": [
    532.3280843098958,
    0.0,
    0.0,
    0.0,
    532.3280843098958,
    0.0,
    315.21484375,
    241.5145263671875,
    1.0
  ],
  "extrinsics": [
    -0.896752179027112,
    -0.10348975748914373,
    -0.4302618911519081,
    0.0,
    0.44245416824663153,
    -0.22801999234554662,
    -0.867318299457227,
    0.0,
    -0.008349757231158826,
    -0.9681408457587348,
    0.25026691711520627,
    0.0,
    0.12268964198501708,
    0.6549606888943369,
    0.34493875182880895,
    1.0
  ]
}