{
  "intrinsics": [
    532.3280843098958,
    0.0,
    0.0,
    0.0,
    532.3280843098958,
    0.0,
    315.21317545572913,
    241.51220703125,
    1.0
  ],
  "extrinsics": [
    -0.8570042663619984,
    -0.11820296853469951,
    -0.5015691381861798,
    0.0,
    0.5152663477375052,
    -0.20911265446393404,
    -0.831127125236067,
    0.0,
    -0.006642766308334236,
    -0.9707212866549605,
    0.24011646245698307,
    0.0,
    0.053104258450908826,
    0.6421286591568589,
    0.3331688029125641,
    1.0
  ]
}