{
  "intrinsics": [
    532.3280843098958,
    0.0,
    0.0,
    0.0,
    532.3280843098958,
    0.0,
    315.218994140625,
    241.51163736979166,
    1.0
  ],
  "extrinsics": [
    -0.805564900036611,
    -0.13856428547375266,
    -0.5760773089481624,
    0.0,
    0.5925040509066978,
    -0.19169044197541843,
    -0.7824280623844742,
    0.0,
    -0.0020119278836080094,
    -0.9716247082182671,
    0.2365189933294603,
    0.0,
    -0.005107226896166273,
    0.6322930665865353,
    0.3062662435649983,
    1.0
  ]
}