{
  "intrinsics": [
    532.1774495442708,
    0.0,
    0.0,
    0.0,
    532.1774495442708,
    0.0,
    315.2191162109375,
    241.5074259440104,
    1.0
  ],
  "extrinsics": [
    -0.7185310037072026,
    -0.1513747428308917,
    -0.6788217132565493,
    0.0,
    0.6954845225255435,
    -0.1510616665114359,
    -0.7024824968400579,
    0.0,
    0.0037941786391939404,
    -0.976865443411825,
    0.21382130825684156,
    0.0,
    -0.058151696818086185,
    0.611646510749543,
    0.27793500976374785,
    1.0
  ]
}