{
  "intrinsics": [
    532.1774495442708,
    0.0,
    0.0,
    0.0,
    532.1774495442708,
    0.0,
    315.2127685546875,
    241.50270589192706,
    1.0
  ],
  "extrinsics": [
    -0.6243413576438694,
    -0.1497709744843747,
    -0.7666592673972674,
    0.0,
    0.7811291039820043,
    -0.11225263361032375,
    -0.614195904980577,
    0.0,
    0.005929198825014299,
    -0.982327757449392,
    0.1870744203803386,
    0.0,
    -0.08475804460905434,
    0.5946466902502414,
    0.253884055839114,
    1.0
  ]
}