{
  "intrinsics": [
    532.1774495442708,
    0.0,
    0.0,
    0.0,
    532.1774495442708,
    0.0,
    315.2003987630208,
    241.49833170572916,
    1.0
  ],
  "extrinsics": [
    -0.548143687199534,
    -0.13724003643972052,
    -0.8250476467367511,
    0.0,
    0.8363706197722539,
    -0.08432840861243901,
    -0.5416390579906447,
    0.0,
    0.004759608314152777,
    -0.9869416733028104,
    0.16100763886268976,
    0.0,
    -0.0813505817982012,
    0.5831532785573164,
    0.24133858888029858,
    1.0
  ]
}