{
  "intrinsics": [
    532.0268147786458,
    0.0,
    0.0,
    0.0,
    532.0268147786458,
    0.0,
    315.1859130859375,
    241.4947509765625,
    1.0
  ],
  "extrinsics": [
    -0.4927655435362965,
    -0.11985951316838593,
    -0.8618676012986478,
    0.0,
    0.8701610220451138,
    -0.06626057356563364,
    -0.48829231025947895,
    0.0,
    0.00141863842594725,
    -0.9905772251006766,
    0.13694798117256393,
    0.0,
    -0.06498310777409655,
    0.56772566337436,
    0.24256728806755135,
    1.0
  ]
}