{
  "intrinsics": [
    535.4914143880208,
    0.0,
    0.0,
    0.0,
    535.4914143880208,
    0.0,
    314.99112955729163,
    241.78165690104166,
    1.0
  ],
  "extrinsics": [
    0.16235810984968194,
    -0.7178658582005979,
    0.6769849966915625,
    0.0,
    -0.9844720996356773,
    -0.1642565212368,
    0.06192585178908116,
    0.0,
    0.0667447816764521,
    -0.6765268407805637,
    -0.7333871549121607,
    0.0,
    0.4313750583229021,
    -0.5986756758751764,
    0.7137051793234133,
    1.0
  ]
}