{
  "intrinsics": [
    532.0268147786458,
    0.0,
    0.0,
    0.0,
    532.0268147786458,
    0.0,
    315.17864990234375,
    241.49053955078125,
    1.0
  ],
  "extrinsics": [
    -0.44620712191701783,
    -0.08466178027366489,
    -0.8909160403663896,
    0.0,
    0.894902686552955,
    -0.034480601848412964,
    -0.4449271282737981,
    0.0,
    0.006949002416614456,
    -0.9958128651480063,
    0.0911495619951473,
    0.0,
    -0.055288783598107294,
    0.5391919867239263,
    0.2602140706714424,
    1.0
  ]
}