{
  "intrinsics": [
    531.8761800130208,
    0.0,
    0.0,
    0.0,
    531.8761800130208,
    0.0,
    315.1749064127604,
    241.4885050455729,
    1.0
  ],
  "extrinsics": [
    -0.40429390339830656,
    -0.046796356792760674,
    -0.9134312505737965,
    0.0,
    0.9145191375077543,
    -0.00518914378338586,
    -0.4045095492894972,
    0.0,
    0.014189648985338763,
    -0.9988911269196753,
    0.044894100292880726,
    0.0,
    -0.053196299296315086,
    0.500583862423387,
    0.285662991133083,
    1.0
  ]
}